<?xml version="1.0" encoding="ISO-8859-1" standalone="yes"?>
<ISO_3166-1_List_en xml:lang="en">
   <ISO_3166-1_Entry>
      <ISO_3166-1_Country_name>AFGHANISTAN</ISO_3166-1_Country_name>
      <ISO_3166-1_Alpha-2_Code_element>AF</ISO_3166-1_Alpha-2_Code_element>
   </ISO_3166-1_Entry>
   <ISO_3166-1_Entry>
      <ISO_3166-1_Country_name>�LAND ISLANDS</ISO_3166-1_Country_name>
      <ISO_3166-1_Alpha-2_Code_element>AX</ISO_3166-1_Alpha-2_Code_element>
   </ISO_3166-1_Entry>
   <ISO_3166-1_Entry>
      <ISO_3166-1_Country_name>ALBANIA</ISO_3166-1_Country_name>
      <ISO_3166-1_Alpha-2_Code_element>AL</ISO_3166-1_Alpha-2_Code_element>
   </ISO_3166-1_Entry>
   <ISO_3166-1_Entry>
      <ISO_3166-1_Country_name>ALGERIA</ISO_3166-1_Country_name>
      <ISO_3166-1_Alpha-2_Code_element>DZ</ISO_3166-1_Alpha-2_Code_element>
   </ISO_3166-1_Entry>
   <ISO_3166-1_Entry>
      <ISO_3166-1_Country_name>AMERICAN SAMOA</ISO_3166-1_Country_name>
      <ISO_3166-1_Alpha-2_Code_element>AS</ISO_3166-1_Alpha-2_Code_element>
   </ISO_3166-1_Entry>
   <ISO_3166-1_Entry>
      <ISO_3166-1_Country_name>ANDORRA</ISO_3166-1_Country_name>
      <ISO_3166-1_Alpha-2_Code_element>AD</ISO_3166-1_Alpha-2_Code_element>
   </ISO_3166-1_Entry>
   <ISO_3166-1_Entry>
      <ISO_3166-1_Country_name>ANGOLA</ISO_3166-1_Country_name>
      <ISO_3166-1_Alpha-2_Code_element>AO</ISO_3166-1_Alpha-2_Code_element>
   </ISO_3166-1_Entry>
   <ISO_3166-1_Entry>
      <ISO_3166-1_Country_name>ANGUILLA</ISO_3166-1_Country_name>
      <ISO_3166-1_Alpha-2_Code_element>AI</ISO_3166-1_Alpha-2_Code_element>
   </ISO_3166-1_Entry>
   <ISO_3166-1_Entry>
      <ISO_3166-1_Country_name>ANTARCTICA</ISO_3166-1_Country_name>
      <ISO_3166-1_Alpha-2_Code_element>AQ</ISO_3166-1_Alpha-2_Code_element>
   </ISO_3166-1_Entry>
   <ISO_3166-1_Entry>
      <ISO_3166-1_Country_name>ANTIGUA AND BARBUDA</ISO_3166-1_Country_name>
      <ISO_3166-1_Alpha-2_Code_element>AG</ISO_3166-1_Alpha-2_Code_element>
   </ISO_3166-1_Entry>
   <ISO_3166-1_Entry>
      <ISO_3166-1_Country_name>ARGENTINA</ISO_3166-1_Country_name>
      <ISO_3166-1_Alpha-2_Code_element>AR</ISO_3166-1_Alpha-2_Code_element>
   </ISO_3166-1_Entry>
   <ISO_3166-1_Entry>
      <ISO_3166-1_Country_name>ARMENIA</ISO_3166-1_Country_name>
      <ISO_3166-1_Alpha-2_Code_element>AM</ISO_3166-1_Alpha-2_Code_element>
   </ISO_3166-1_Entry>
   <ISO_3166-1_Entry>
      <ISO_3166-1_Country_name>ARUBA</ISO_3166-1_Country_name>
      <ISO_3166-1_Alpha-2_Code_element>AW</ISO_3166-1_Alpha-2_Code_element>
   </ISO_3166-1_Entry>
   <ISO_3166-1_Entry>
      <ISO_3166-1_Country_name>AUSTRALIA</ISO_3166-1_Country_name>
      <ISO_3166-1_Alpha-2_Code_element>AU</ISO_3166-1_Alpha-2_Code_element>
   </ISO_3166-1_Entry>
   <ISO_3166-1_Entry>
      <ISO_3166-1_Country_name>AUSTRIA</ISO_3166-1_Country_name>
      <ISO_3166-1_Alpha-2_Code_element>AT</ISO_3166-1_Alpha-2_Code_element>
   </ISO_3166-1_Entry>
   <ISO_3166-1_Entry>
      <ISO_3166-1_Country_name>AZERBAIJAN</ISO_3166-1_Country_name>
      <ISO_3166-1_Alpha-2_Code_element>AZ</ISO_3166-1_Alpha-2_Code_element>
   </ISO_3166-1_Entry>
   <ISO_3166-1_Entry>
      <ISO_3166-1_Country_name>BAHAMAS</ISO_3166-1_Country_name>
      <ISO_3166-1_Alpha-2_Code_element>BS</ISO_3166-1_Alpha-2_Code_element>
   </ISO_3166-1_Entry>
   <ISO_3166-1_Entry>
      <ISO_3166-1_Country_name>BAHRAIN</ISO_3166-1_Country_name>
      <ISO_3166-1_Alpha-2_Code_element>BH</ISO_3166-1_Alpha-2_Code_element>
   </ISO_3166-1_Entry>
   <ISO_3166-1_Entry>
      <ISO_3166-1_Country_name>BANGLADESH</ISO_3166-1_Country_name>
      <ISO_3166-1_Alpha-2_Code_element>BD</ISO_3166-1_Alpha-2_Code_element>
   </ISO_3166-1_Entry>
   <ISO_3166-1_Entry>
      <ISO_3166-1_Country_name>BARBADOS</ISO_3166-1_Country_name>
      <ISO_3166-1_Alpha-2_Code_element>BB</ISO_3166-1_Alpha-2_Code_element>
   </ISO_3166-1_Entry>
   <ISO_3166-1_Entry>
      <ISO_3166-1_Country_name>BELARUS</ISO_3166-1_Country_name>
      <ISO_3166-1_Alpha-2_Code_element>BY</ISO_3166-1_Alpha-2_Code_element>
   </ISO_3166-1_Entry>
   <ISO_3166-1_Entry>
      <ISO_3166-1_Country_name>BELGIUM</ISO_3166-1_Country_name>
      <ISO_3166-1_Alpha-2_Code_element>BE</ISO_3166-1_Alpha-2_Code_element>
   </ISO_3166-1_Entry>
   <ISO_3166-1_Entry>
      <ISO_3166-1_Country_name>BELIZE</ISO_3166-1_Country_name>
      <ISO_3166-1_Alpha-2_Code_element>BZ</ISO_3166-1_Alpha-2_Code_element>
   </ISO_3166-1_Entry>
   <ISO_3166-1_Entry>
      <ISO_3166-1_Country_name>BENIN</ISO_3166-1_Country_name>
      <ISO_3166-1_Alpha-2_Code_element>BJ</ISO_3166-1_Alpha-2_Code_element>
   </ISO_3166-1_Entry>
   <ISO_3166-1_Entry>
      <ISO_3166-1_Country_name>BERMUDA</ISO_3166-1_Country_name>
      <ISO_3166-1_Alpha-2_Code_element>BM</ISO_3166-1_Alpha-2_Code_element>
   </ISO_3166-1_Entry>
   <ISO_3166-1_Entry>
      <ISO_3166-1_Country_name>BHUTAN</ISO_3166-1_Country_name>
      <ISO_3166-1_Alpha-2_Code_element>BT</ISO_3166-1_Alpha-2_Code_element>
   </ISO_3166-1_Entry>
   <ISO_3166-1_Entry>
      <ISO_3166-1_Country_name>BOLIVIA</ISO_3166-1_Country_name>
      <ISO_3166-1_Alpha-2_Code_element>BO</ISO_3166-1_Alpha-2_Code_element>
   </ISO_3166-1_Entry>
   <ISO_3166-1_Entry>
      <ISO_3166-1_Country_name>BOSNIA AND HERZEGOVINA</ISO_3166-1_Country_name>
      <ISO_3166-1_Alpha-2_Code_element>BA</ISO_3166-1_Alpha-2_Code_element>
   </ISO_3166-1_Entry>
   <ISO_3166-1_Entry>
      <ISO_3166-1_Country_name>BOTSWANA</ISO_3166-1_Country_name>
      <ISO_3166-1_Alpha-2_Code_element>BW</ISO_3166-1_Alpha-2_Code_element>
   </ISO_3166-1_Entry>
   <ISO_3166-1_Entry>
      <ISO_3166-1_Country_name>BOUVET ISLAND</ISO_3166-1_Country_name>
      <ISO_3166-1_Alpha-2_Code_element>BV</ISO_3166-1_Alpha-2_Code_element>
   </ISO_3166-1_Entry>
   <ISO_3166-1_Entry>
      <ISO_3166-1_Country_name>BRAZIL</ISO_3166-1_Country_name>
      <ISO_3166-1_Alpha-2_Code_element>BR</ISO_3166-1_Alpha-2_Code_element>
   </ISO_3166-1_Entry>
   <ISO_3166-1_Entry>
      <ISO_3166-1_Country_name>BRITISH INDIAN OCEAN TERRITORY</ISO_3166-1_Country_name>
      <ISO_3166-1_Alpha-2_Code_element>IO</ISO_3166-1_Alpha-2_Code_element>
   </ISO_3166-1_Entry>
   <ISO_3166-1_Entry>
      <ISO_3166-1_Country_name>BRUNEI DARUSSALAM</ISO_3166-1_Country_name>
      <ISO_3166-1_Alpha-2_Code_element>BN</ISO_3166-1_Alpha-2_Code_element>
   </ISO_3166-1_Entry>
   <ISO_3166-1_Entry>
      <ISO_3166-1_Country_name>BULGARIA</ISO_3166-1_Country_name>
      <ISO_3166-1_Alpha-2_Code_element>BG</ISO_3166-1_Alpha-2_Code_element>
   </ISO_3166-1_Entry>
   <ISO_3166-1_Entry>
      <ISO_3166-1_Country_name>BURKINA FASO</ISO_3166-1_Country_name>
      <ISO_3166-1_Alpha-2_Code_element>BF</ISO_3166-1_Alpha-2_Code_element>
   </ISO_3166-1_Entry>
   <ISO_3166-1_Entry>
      <ISO_3166-1_Country_name>BURUNDI</ISO_3166-1_Country_name>
      <ISO_3166-1_Alpha-2_Code_element>BI</ISO_3166-1_Alpha-2_Code_element>
   </ISO_3166-1_Entry>
   <ISO_3166-1_Entry>
      <ISO_3166-1_Country_name>CAMBODIA</ISO_3166-1_Country_name>
      <ISO_3166-1_Alpha-2_Code_element>KH</ISO_3166-1_Alpha-2_Code_element>
   </ISO_3166-1_Entry>
   <ISO_3166-1_Entry>
      <ISO_3166-1_Country_name>CAMEROON</ISO_3166-1_Country_name>
      <ISO_3166-1_Alpha-2_Code_element>CM</ISO_3166-1_Alpha-2_Code_element>
   </ISO_3166-1_Entry>
   <ISO_3166-1_Entry>
      <ISO_3166-1_Country_name>CANADA</ISO_3166-1_Country_name>
      <ISO_3166-1_Alpha-2_Code_element>CA</ISO_3166-1_Alpha-2_Code_element>
   </ISO_3166-1_Entry>
   <ISO_3166-1_Entry>
      <ISO_3166-1_Country_name>CAPE VERDE</ISO_3166-1_Country_name>
      <ISO_3166-1_Alpha-2_Code_element>CV</ISO_3166-1_Alpha-2_Code_element>
   </ISO_3166-1_Entry>
   <ISO_3166-1_Entry>
      <ISO_3166-1_Country_name>CAYMAN ISLANDS</ISO_3166-1_Country_name>
      <ISO_3166-1_Alpha-2_Code_element>KY</ISO_3166-1_Alpha-2_Code_element>
   </ISO_3166-1_Entry>
   <ISO_3166-1_Entry>
      <ISO_3166-1_Country_name>CENTRAL AFRICAN REPUBLIC</ISO_3166-1_Country_name>
      <ISO_3166-1_Alpha-2_Code_element>CF</ISO_3166-1_Alpha-2_Code_element>
   </ISO_3166-1_Entry>
   <ISO_3166-1_Entry>
      <ISO_3166-1_Country_name>CHAD</ISO_3166-1_Country_name>
      <ISO_3166-1_Alpha-2_Code_element>TD</ISO_3166-1_Alpha-2_Code_element>
   </ISO_3166-1_Entry>
   <ISO_3166-1_Entry>
      <ISO_3166-1_Country_name>CHILE</ISO_3166-1_Country_name>
      <ISO_3166-1_Alpha-2_Code_element>CL</ISO_3166-1_Alpha-2_Code_element>
   </ISO_3166-1_Entry>
   <ISO_3166-1_Entry>
      <ISO_3166-1_Country_name>CHINA</ISO_3166-1_Country_name>
      <ISO_3166-1_Alpha-2_Code_element>CN</ISO_3166-1_Alpha-2_Code_element>
   </ISO_3166-1_Entry>
   <ISO_3166-1_Entry>
      <ISO_3166-1_Country_name>CHRISTMAS ISLAND</ISO_3166-1_Country_name>
      <ISO_3166-1_Alpha-2_Code_element>CX</ISO_3166-1_Alpha-2_Code_element>
   </ISO_3166-1_Entry>
   <ISO_3166-1_Entry>
      <ISO_3166-1_Country_name>COCOS (KEELING) ISLANDS</ISO_3166-1_Country_name>
      <ISO_3166-1_Alpha-2_Code_element>CC</ISO_3166-1_Alpha-2_Code_element>
   </ISO_3166-1_Entry>
   <ISO_3166-1_Entry>
      <ISO_3166-1_Country_name>COLOMBIA</ISO_3166-1_Country_name>
      <ISO_3166-1_Alpha-2_Code_element>CO</ISO_3166-1_Alpha-2_Code_element>
   </ISO_3166-1_Entry>
   <ISO_3166-1_Entry>
      <ISO_3166-1_Country_name>COMOROS</ISO_3166-1_Country_name>
      <ISO_3166-1_Alpha-2_Code_element>KM</ISO_3166-1_Alpha-2_Code_element>
   </ISO_3166-1_Entry>
   <ISO_3166-1_Entry>
      <ISO_3166-1_Country_name>CONGO</ISO_3166-1_Country_name>
      <ISO_3166-1_Alpha-2_Code_element>CG</ISO_3166-1_Alpha-2_Code_element>
   </ISO_3166-1_Entry>
   <ISO_3166-1_Entry>
      <ISO_3166-1_Country_name>CONGO, THE DEMOCRATIC REPUBLIC OF THE</ISO_3166-1_Country_name>
      <ISO_3166-1_Alpha-2_Code_element>CD</ISO_3166-1_Alpha-2_Code_element>
   </ISO_3166-1_Entry>
   <ISO_3166-1_Entry>
      <ISO_3166-1_Country_name>COOK ISLANDS</ISO_3166-1_Country_name>
      <ISO_3166-1_Alpha-2_Code_element>CK</ISO_3166-1_Alpha-2_Code_element>
   </ISO_3166-1_Entry>
   <ISO_3166-1_Entry>
      <ISO_3166-1_Country_name>COSTA RICA</ISO_3166-1_Country_name>
      <ISO_3166-1_Alpha-2_Code_element>CR</ISO_3166-1_Alpha-2_Code_element>
   </ISO_3166-1_Entry>
   <ISO_3166-1_Entry>
      <ISO_3166-1_Country_name>COTE D'IVOIRE</ISO_3166-1_Country_name>
      <ISO_3166-1_Alpha-2_Code_element>CI</ISO_3166-1_Alpha-2_Code_element>
   </ISO_3166-1_Entry>
   <ISO_3166-1_Entry>
      <ISO_3166-1_Country_name>CROATIA</ISO_3166-1_Country_name>
      <ISO_3166-1_Alpha-2_Code_element>HR</ISO_3166-1_Alpha-2_Code_element>
   </ISO_3166-1_Entry>
   <ISO_3166-1_Entry>
      <ISO_3166-1_Country_name>CUBA</ISO_3166-1_Country_name>
      <ISO_3166-1_Alpha-2_Code_element>CU</ISO_3166-1_Alpha-2_Code_element>
   </ISO_3166-1_Entry>
   <ISO_3166-1_Entry>
      <ISO_3166-1_Country_name>CYPRUS</ISO_3166-1_Country_name>
      <ISO_3166-1_Alpha-2_Code_element>CY</ISO_3166-1_Alpha-2_Code_element>
   </ISO_3166-1_Entry>
   <ISO_3166-1_Entry>
      <ISO_3166-1_Country_name>CZECH REPUBLIC</ISO_3166-1_Country_name>
      <ISO_3166-1_Alpha-2_Code_element>CZ</ISO_3166-1_Alpha-2_Code_element>
   </ISO_3166-1_Entry>
   <ISO_3166-1_Entry>
      <ISO_3166-1_Country_name>DENMARK</ISO_3166-1_Country_name>
      <ISO_3166-1_Alpha-2_Code_element>DK</ISO_3166-1_Alpha-2_Code_element>
   </ISO_3166-1_Entry>
   <ISO_3166-1_Entry>
      <ISO_3166-1_Country_name>DJIBOUTI</ISO_3166-1_Country_name>
      <ISO_3166-1_Alpha-2_Code_element>DJ</ISO_3166-1_Alpha-2_Code_element>
   </ISO_3166-1_Entry>
   <ISO_3166-1_Entry>
      <ISO_3166-1_Country_name>DOMINICA</ISO_3166-1_Country_name>
      <ISO_3166-1_Alpha-2_Code_element>DM</ISO_3166-1_Alpha-2_Code_element>
   </ISO_3166-1_Entry>
   <ISO_3166-1_Entry>
      <ISO_3166-1_Country_name>DOMINICAN REPUBLIC</ISO_3166-1_Country_name>
      <ISO_3166-1_Alpha-2_Code_element>DO</ISO_3166-1_Alpha-2_Code_element>
   </ISO_3166-1_Entry>
   <ISO_3166-1_Entry>
      <ISO_3166-1_Country_name>ECUADOR</ISO_3166-1_Country_name>
      <ISO_3166-1_Alpha-2_Code_element>EC</ISO_3166-1_Alpha-2_Code_element>
   </ISO_3166-1_Entry>
   <ISO_3166-1_Entry>
      <ISO_3166-1_Country_name>EGYPT</ISO_3166-1_Country_name>
      <ISO_3166-1_Alpha-2_Code_element>EG</ISO_3166-1_Alpha-2_Code_element>
   </ISO_3166-1_Entry>
   <ISO_3166-1_Entry>
      <ISO_3166-1_Country_name>EL SALVADOR</ISO_3166-1_Country_name>
      <ISO_3166-1_Alpha-2_Code_element>SV</ISO_3166-1_Alpha-2_Code_element>
   </ISO_3166-1_Entry>
   <ISO_3166-1_Entry>
      <ISO_3166-1_Country_name>EQUATORIAL GUINEA</ISO_3166-1_Country_name>
      <ISO_3166-1_Alpha-2_Code_element>GQ</ISO_3166-1_Alpha-2_Code_element>
   </ISO_3166-1_Entry>
   <ISO_3166-1_Entry>
      <ISO_3166-1_Country_name>ERITREA</ISO_3166-1_Country_name>
      <ISO_3166-1_Alpha-2_Code_element>ER</ISO_3166-1_Alpha-2_Code_element>
   </ISO_3166-1_Entry>
   <ISO_3166-1_Entry>
      <ISO_3166-1_Country_name>ESTONIA</ISO_3166-1_Country_name>
      <ISO_3166-1_Alpha-2_Code_element>EE</ISO_3166-1_Alpha-2_Code_element>
   </ISO_3166-1_Entry>
   <ISO_3166-1_Entry>
      <ISO_3166-1_Country_name>ETHIOPIA</ISO_3166-1_Country_name>
      <ISO_3166-1_Alpha-2_Code_element>ET</ISO_3166-1_Alpha-2_Code_element>
   </ISO_3166-1_Entry>
   <ISO_3166-1_Entry>
      <ISO_3166-1_Country_name>FALKLAND ISLANDS (MALVINAS)</ISO_3166-1_Country_name>
      <ISO_3166-1_Alpha-2_Code_element>FK</ISO_3166-1_Alpha-2_Code_element>
   </ISO_3166-1_Entry>
   <ISO_3166-1_Entry>
      <ISO_3166-1_Country_name>FAROE ISLANDS</ISO_3166-1_Country_name>
      <ISO_3166-1_Alpha-2_Code_element>FO</ISO_3166-1_Alpha-2_Code_element>
   </ISO_3166-1_Entry>
   <ISO_3166-1_Entry>
      <ISO_3166-1_Country_name>FIJI</ISO_3166-1_Country_name>
      <ISO_3166-1_Alpha-2_Code_element>FJ</ISO_3166-1_Alpha-2_Code_element>
   </ISO_3166-1_Entry>
   <ISO_3166-1_Entry>
      <ISO_3166-1_Country_name>FINLAND</ISO_3166-1_Country_name>
      <ISO_3166-1_Alpha-2_Code_element>FI</ISO_3166-1_Alpha-2_Code_element>
   </ISO_3166-1_Entry>
   <ISO_3166-1_Entry>
      <ISO_3166-1_Country_name>FRANCE</ISO_3166-1_Country_name>
      <ISO_3166-1_Alpha-2_Code_element>FR</ISO_3166-1_Alpha-2_Code_element>
   </ISO_3166-1_Entry>
   <ISO_3166-1_Entry>
      <ISO_3166-1_Country_name>FRENCH GUIANA</ISO_3166-1_Country_name>
      <ISO_3166-1_Alpha-2_Code_element>GF</ISO_3166-1_Alpha-2_Code_element>
   </ISO_3166-1_Entry>
   <ISO_3166-1_Entry>
      <ISO_3166-1_Country_name>FRENCH POLYNESIA</ISO_3166-1_Country_name>
      <ISO_3166-1_Alpha-2_Code_element>PF</ISO_3166-1_Alpha-2_Code_element>
   </ISO_3166-1_Entry>
   <ISO_3166-1_Entry>
      <ISO_3166-1_Country_name>FRENCH SOUTHERN TERRITORIES</ISO_3166-1_Country_name>
      <ISO_3166-1_Alpha-2_Code_element>TF</ISO_3166-1_Alpha-2_Code_element>
   </ISO_3166-1_Entry>
   <ISO_3166-1_Entry>
      <ISO_3166-1_Country_name>GABON</ISO_3166-1_Country_name>
      <ISO_3166-1_Alpha-2_Code_element>GA</ISO_3166-1_Alpha-2_Code_element>
   </ISO_3166-1_Entry>
   <ISO_3166-1_Entry>
      <ISO_3166-1_Country_name>GAMBIA</ISO_3166-1_Country_name>
      <ISO_3166-1_Alpha-2_Code_element>GM</ISO_3166-1_Alpha-2_Code_element>
   </ISO_3166-1_Entry>
   <ISO_3166-1_Entry>
      <ISO_3166-1_Country_name>GEORGIA</ISO_3166-1_Country_name>
      <ISO_3166-1_Alpha-2_Code_element>GE</ISO_3166-1_Alpha-2_Code_element>
   </ISO_3166-1_Entry>
   <ISO_3166-1_Entry>
      <ISO_3166-1_Country_name>GERMANY</ISO_3166-1_Country_name>
      <ISO_3166-1_Alpha-2_Code_element>DE</ISO_3166-1_Alpha-2_Code_element>
   </ISO_3166-1_Entry>
   <ISO_3166-1_Entry>
      <ISO_3166-1_Country_name>GHANA</ISO_3166-1_Country_name>
      <ISO_3166-1_Alpha-2_Code_element>GH</ISO_3166-1_Alpha-2_Code_element>
   </ISO_3166-1_Entry>
   <ISO_3166-1_Entry>
      <ISO_3166-1_Country_name>GIBRALTAR</ISO_3166-1_Country_name>
      <ISO_3166-1_Alpha-2_Code_element>GI</ISO_3166-1_Alpha-2_Code_element>
   </ISO_3166-1_Entry>
   <ISO_3166-1_Entry>
      <ISO_3166-1_Country_name>GREECE</ISO_3166-1_Country_name>
      <ISO_3166-1_Alpha-2_Code_element>GR</ISO_3166-1_Alpha-2_Code_element>
   </ISO_3166-1_Entry>
   <ISO_3166-1_Entry>
      <ISO_3166-1_Country_name>GREENLAND</ISO_3166-1_Country_name>
      <ISO_3166-1_Alpha-2_Code_element>GL</ISO_3166-1_Alpha-2_Code_element>
   </ISO_3166-1_Entry>
   <ISO_3166-1_Entry>
      <ISO_3166-1_Country_name>GRENADA</ISO_3166-1_Country_name>
      <ISO_3166-1_Alpha-2_Code_element>GD</ISO_3166-1_Alpha-2_Code_element>
   </ISO_3166-1_Entry>
   <ISO_3166-1_Entry>
      <ISO_3166-1_Country_name>GUADELOUPE</ISO_3166-1_Country_name>
      <ISO_3166-1_Alpha-2_Code_element>GP</ISO_3166-1_Alpha-2_Code_element>
   </ISO_3166-1_Entry>
   <ISO_3166-1_Entry>
      <ISO_3166-1_Country_name>GUAM</ISO_3166-1_Country_name>
      <ISO_3166-1_Alpha-2_Code_element>GU</ISO_3166-1_Alpha-2_Code_element>
   </ISO_3166-1_Entry>
   <ISO_3166-1_Entry>
      <ISO_3166-1_Country_name>GUATEMALA</ISO_3166-1_Country_name>
      <ISO_3166-1_Alpha-2_Code_element>GT</ISO_3166-1_Alpha-2_Code_element>
   </ISO_3166-1_Entry>
   <ISO_3166-1_Entry>
   <ISO_3166-1_Country_name>GUERNSEY</ISO_3166-1_Country_name>
      <ISO_3166-1_Alpha-2_Code_element>GG</ISO_3166-1_Alpha-2_Code_element>
   </ISO_3166-1_Entry>
   <ISO_3166-1_Entry>
      <ISO_3166-1_Country_name>GUINEA</ISO_3166-1_Country_name>
      <ISO_3166-1_Alpha-2_Code_element>GN</ISO_3166-1_Alpha-2_Code_element>
   </ISO_3166-1_Entry>
   <ISO_3166-1_Entry>
      <ISO_3166-1_Country_name>GUINEA-BISSAU</ISO_3166-1_Country_name>
      <ISO_3166-1_Alpha-2_Code_element>GW</ISO_3166-1_Alpha-2_Code_element>
   </ISO_3166-1_Entry>
   <ISO_3166-1_Entry>
      <ISO_3166-1_Country_name>GUYANA</ISO_3166-1_Country_name>
      <ISO_3166-1_Alpha-2_Code_element>GY</ISO_3166-1_Alpha-2_Code_element>
   </ISO_3166-1_Entry>
   <ISO_3166-1_Entry>
      <ISO_3166-1_Country_name>HAITI</ISO_3166-1_Country_name>
      <ISO_3166-1_Alpha-2_Code_element>HT</ISO_3166-1_Alpha-2_Code_element>
   </ISO_3166-1_Entry>
   <ISO_3166-1_Entry>
      <ISO_3166-1_Country_name>HEARD ISLAND AND MCDONALD ISLANDS</ISO_3166-1_Country_name>
      <ISO_3166-1_Alpha-2_Code_element>HM</ISO_3166-1_Alpha-2_Code_element>
   </ISO_3166-1_Entry>
   <ISO_3166-1_Entry>
      <ISO_3166-1_Country_name>HOLY SEE (VATICAN CITY STATE)</ISO_3166-1_Country_name>
      <ISO_3166-1_Alpha-2_Code_element>VA</ISO_3166-1_Alpha-2_Code_element>
   </ISO_3166-1_Entry>
   <ISO_3166-1_Entry>
      <ISO_3166-1_Country_name>HONDURAS</ISO_3166-1_Country_name>
      <ISO_3166-1_Alpha-2_Code_element>HN</ISO_3166-1_Alpha-2_Code_element>
   </ISO_3166-1_Entry>
   <ISO_3166-1_Entry>
      <ISO_3166-1_Country_name>HONG KONG</ISO_3166-1_Country_name>
      <ISO_3166-1_Alpha-2_Code_element>HK</ISO_3166-1_Alpha-2_Code_element>
   </ISO_3166-1_Entry>
   <ISO_3166-1_Entry>
      <ISO_3166-1_Country_name>HUNGARY</ISO_3166-1_Country_name>
      <ISO_3166-1_Alpha-2_Code_element>HU</ISO_3166-1_Alpha-2_Code_element>
   </ISO_3166-1_Entry>
   <ISO_3166-1_Entry>
      <ISO_3166-1_Country_name>ICELAND</ISO_3166-1_Country_name>
      <ISO_3166-1_Alpha-2_Code_element>IS</ISO_3166-1_Alpha-2_Code_element>
   </ISO_3166-1_Entry>
   <ISO_3166-1_Entry>
      <ISO_3166-1_Country_name>INDIA</ISO_3166-1_Country_name>
      <ISO_3166-1_Alpha-2_Code_element>IN</ISO_3166-1_Alpha-2_Code_element>
   </ISO_3166-1_Entry>
   <ISO_3166-1_Entry>
      <ISO_3166-1_Country_name>INDONESIA</ISO_3166-1_Country_name>
      <ISO_3166-1_Alpha-2_Code_element>ID</ISO_3166-1_Alpha-2_Code_element>
   </ISO_3166-1_Entry>
   <ISO_3166-1_Entry>
      <ISO_3166-1_Country_name>IRAN, ISLAMIC REPUBLIC OF</ISO_3166-1_Country_name>
      <ISO_3166-1_Alpha-2_Code_element>IR</ISO_3166-1_Alpha-2_Code_element>
   </ISO_3166-1_Entry>
   <ISO_3166-1_Entry>
      <ISO_3166-1_Country_name>IRAQ</ISO_3166-1_Country_name>
      <ISO_3166-1_Alpha-2_Code_element>IQ</ISO_3166-1_Alpha-2_Code_element>
   </ISO_3166-1_Entry>
   <ISO_3166-1_Entry>
      <ISO_3166-1_Country_name>IRELAND</ISO_3166-1_Country_name>
      <ISO_3166-1_Alpha-2_Code_element>IE</ISO_3166-1_Alpha-2_Code_element>
   </ISO_3166-1_Entry>
   <ISO_3166-1_Entry>
   <ISO_3166-1_Country_name>ISLE OF MAN</ISO_3166-1_Country_name>
      <ISO_3166-1_Alpha-2_Code_element>IM</ISO_3166-1_Alpha-2_Code_element>
   </ISO_3166-1_Entry>
   <ISO_3166-1_Entry>
      <ISO_3166-1_Country_name>ISRAEL</ISO_3166-1_Country_name>
      <ISO_3166-1_Alpha-2_Code_element>IL</ISO_3166-1_Alpha-2_Code_element>
   </ISO_3166-1_Entry>
   <ISO_3166-1_Entry>
      <ISO_3166-1_Country_name>ITALY</ISO_3166-1_Country_name>
      <ISO_3166-1_Alpha-2_Code_element>IT</ISO_3166-1_Alpha-2_Code_element>
   </ISO_3166-1_Entry>
   <ISO_3166-1_Entry>
      <ISO_3166-1_Country_name>JAMAICA</ISO_3166-1_Country_name>
      <ISO_3166-1_Alpha-2_Code_element>JM</ISO_3166-1_Alpha-2_Code_element>
   </ISO_3166-1_Entry>
   <ISO_3166-1_Entry>
      <ISO_3166-1_Country_name>JAPAN</ISO_3166-1_Country_name>
      <ISO_3166-1_Alpha-2_Code_element>JP</ISO_3166-1_Alpha-2_Code_element>
   </ISO_3166-1_Entry>
   <ISO_3166-1_Entry>
   <ISO_3166-1_Country_name>JERSEY</ISO_3166-1_Country_name>
      <ISO_3166-1_Alpha-2_Code_element>JE</ISO_3166-1_Alpha-2_Code_element>
   </ISO_3166-1_Entry>
   <ISO_3166-1_Entry>
      <ISO_3166-1_Country_name>JORDAN</ISO_3166-1_Country_name>
      <ISO_3166-1_Alpha-2_Code_element>JO</ISO_3166-1_Alpha-2_Code_element>
   </ISO_3166-1_Entry>
   <ISO_3166-1_Entry>
      <ISO_3166-1_Country_name>KAZAKHSTAN</ISO_3166-1_Country_name>
      <ISO_3166-1_Alpha-2_Code_element>KZ</ISO_3166-1_Alpha-2_Code_element>
   </ISO_3166-1_Entry>
   <ISO_3166-1_Entry>
      <ISO_3166-1_Country_name>KENYA</ISO_3166-1_Country_name>
      <ISO_3166-1_Alpha-2_Code_element>KE</ISO_3166-1_Alpha-2_Code_element>
   </ISO_3166-1_Entry>
   <ISO_3166-1_Entry>
      <ISO_3166-1_Country_name>KIRIBATI</ISO_3166-1_Country_name>
      <ISO_3166-1_Alpha-2_Code_element>KI</ISO_3166-1_Alpha-2_Code_element>
   </ISO_3166-1_Entry>
   <ISO_3166-1_Entry>
      <ISO_3166-1_Country_name>KOREA, DEMOCRATIC PEOPLE'S REPUBLIC OF</ISO_3166-1_Country_name>
      <ISO_3166-1_Alpha-2_Code_element>KP</ISO_3166-1_Alpha-2_Code_element>
   </ISO_3166-1_Entry>
   <ISO_3166-1_Entry>
      <ISO_3166-1_Country_name>KOREA, REPUBLIC OF</ISO_3166-1_Country_name>
      <ISO_3166-1_Alpha-2_Code_element>KR</ISO_3166-1_Alpha-2_Code_element>
   </ISO_3166-1_Entry>
   <ISO_3166-1_Entry>
      <ISO_3166-1_Country_name>KUWAIT</ISO_3166-1_Country_name>
      <ISO_3166-1_Alpha-2_Code_element>KW</ISO_3166-1_Alpha-2_Code_element>
   </ISO_3166-1_Entry>
   <ISO_3166-1_Entry>
      <ISO_3166-1_Country_name>KYRGYZSTAN</ISO_3166-1_Country_name>
      <ISO_3166-1_Alpha-2_Code_element>KG</ISO_3166-1_Alpha-2_Code_element>
   </ISO_3166-1_Entry>
   <ISO_3166-1_Entry>
      <ISO_3166-1_Country_name>LAO PEOPLE'S DEMOCRATIC REPUBLIC</ISO_3166-1_Country_name>
      <ISO_3166-1_Alpha-2_Code_element>LA</ISO_3166-1_Alpha-2_Code_element>
   </ISO_3166-1_Entry>
   <ISO_3166-1_Entry>
      <ISO_3166-1_Country_name>LATVIA</ISO_3166-1_Country_name>
      <ISO_3166-1_Alpha-2_Code_element>LV</ISO_3166-1_Alpha-2_Code_element>
   </ISO_3166-1_Entry>
   <ISO_3166-1_Entry>
      <ISO_3166-1_Country_name>LEBANON</ISO_3166-1_Country_name>
      <ISO_3166-1_Alpha-2_Code_element>LB</ISO_3166-1_Alpha-2_Code_element>
   </ISO_3166-1_Entry>
   <ISO_3166-1_Entry>
      <ISO_3166-1_Country_name>LESOTHO</ISO_3166-1_Country_name>
      <ISO_3166-1_Alpha-2_Code_element>LS</ISO_3166-1_Alpha-2_Code_element>
   </ISO_3166-1_Entry>
   <ISO_3166-1_Entry>
      <ISO_3166-1_Country_name>LIBERIA</ISO_3166-1_Country_name>
      <ISO_3166-1_Alpha-2_Code_element>LR</ISO_3166-1_Alpha-2_Code_element>
   </ISO_3166-1_Entry>
   <ISO_3166-1_Entry>
      <ISO_3166-1_Country_name>LIBYAN ARAB JAMAHIRIYA</ISO_3166-1_Country_name>
      <ISO_3166-1_Alpha-2_Code_element>LY</ISO_3166-1_Alpha-2_Code_element>
   </ISO_3166-1_Entry>
   <ISO_3166-1_Entry>
      <ISO_3166-1_Country_name>LIECHTENSTEIN</ISO_3166-1_Country_name>
      <ISO_3166-1_Alpha-2_Code_element>LI</ISO_3166-1_Alpha-2_Code_element>
   </ISO_3166-1_Entry>
   <ISO_3166-1_Entry>
      <ISO_3166-1_Country_name>LITHUANIA</ISO_3166-1_Country_name>
      <ISO_3166-1_Alpha-2_Code_element>LT</ISO_3166-1_Alpha-2_Code_element>
   </ISO_3166-1_Entry>
   <ISO_3166-1_Entry>
      <ISO_3166-1_Country_name>LUXEMBOURG</ISO_3166-1_Country_name>
      <ISO_3166-1_Alpha-2_Code_element>LU</ISO_3166-1_Alpha-2_Code_element>
   </ISO_3166-1_Entry>
   <ISO_3166-1_Entry>
      <ISO_3166-1_Country_name>MACAO</ISO_3166-1_Country_name>
      <ISO_3166-1_Alpha-2_Code_element>MO</ISO_3166-1_Alpha-2_Code_element>
   </ISO_3166-1_Entry>
   <ISO_3166-1_Entry>
      <ISO_3166-1_Country_name>MACEDONIA, THE FORMER YUGOSLAV REPUBLIC OF</ISO_3166-1_Country_name>
      <ISO_3166-1_Alpha-2_Code_element>MK</ISO_3166-1_Alpha-2_Code_element>
   </ISO_3166-1_Entry>
   <ISO_3166-1_Entry>
      <ISO_3166-1_Country_name>MADAGASCAR</ISO_3166-1_Country_name>
      <ISO_3166-1_Alpha-2_Code_element>MG</ISO_3166-1_Alpha-2_Code_element>
   </ISO_3166-1_Entry>
   <ISO_3166-1_Entry>
      <ISO_3166-1_Country_name>MALAWI</ISO_3166-1_Country_name>
      <ISO_3166-1_Alpha-2_Code_element>MW</ISO_3166-1_Alpha-2_Code_element>
   </ISO_3166-1_Entry>
   <ISO_3166-1_Entry>
      <ISO_3166-1_Country_name>MALAYSIA</ISO_3166-1_Country_name>
      <ISO_3166-1_Alpha-2_Code_element>MY</ISO_3166-1_Alpha-2_Code_element>
   </ISO_3166-1_Entry>
   <ISO_3166-1_Entry>
      <ISO_3166-1_Country_name>MALDIVES</ISO_3166-1_Country_name>
      <ISO_3166-1_Alpha-2_Code_element>MV</ISO_3166-1_Alpha-2_Code_element>
   </ISO_3166-1_Entry>
   <ISO_3166-1_Entry>
      <ISO_3166-1_Country_name>MALI</ISO_3166-1_Country_name>
      <ISO_3166-1_Alpha-2_Code_element>ML</ISO_3166-1_Alpha-2_Code_element>
   </ISO_3166-1_Entry>
   <ISO_3166-1_Entry>
      <ISO_3166-1_Country_name>MALTA</ISO_3166-1_Country_name>
      <ISO_3166-1_Alpha-2_Code_element>MT</ISO_3166-1_Alpha-2_Code_element>
   </ISO_3166-1_Entry>
   <ISO_3166-1_Entry>
      <ISO_3166-1_Country_name>MARSHALL ISLANDS</ISO_3166-1_Country_name>
      <ISO_3166-1_Alpha-2_Code_element>MH</ISO_3166-1_Alpha-2_Code_element>
   </ISO_3166-1_Entry>
   <ISO_3166-1_Entry>
      <ISO_3166-1_Country_name>MARTINIQUE</ISO_3166-1_Country_name>
      <ISO_3166-1_Alpha-2_Code_element>MQ</ISO_3166-1_Alpha-2_Code_element>
   </ISO_3166-1_Entry>
   <ISO_3166-1_Entry>
      <ISO_3166-1_Country_name>MAURITANIA</ISO_3166-1_Country_name>
      <ISO_3166-1_Alpha-2_Code_element>MR</ISO_3166-1_Alpha-2_Code_element>
   </ISO_3166-1_Entry>
   <ISO_3166-1_Entry>
      <ISO_3166-1_Country_name>MAURITIUS</ISO_3166-1_Country_name>
      <ISO_3166-1_Alpha-2_Code_element>MU</ISO_3166-1_Alpha-2_Code_element>
   </ISO_3166-1_Entry>
   <ISO_3166-1_Entry>
      <ISO_3166-1_Country_name>MAYOTTE</ISO_3166-1_Country_name>
      <ISO_3166-1_Alpha-2_Code_element>YT</ISO_3166-1_Alpha-2_Code_element>
   </ISO_3166-1_Entry>
   <ISO_3166-1_Entry>
      <ISO_3166-1_Country_name>MEXICO</ISO_3166-1_Country_name>
      <ISO_3166-1_Alpha-2_Code_element>MX</ISO_3166-1_Alpha-2_Code_element>
   </ISO_3166-1_Entry>
   <ISO_3166-1_Entry>
      <ISO_3166-1_Country_name>MICRONESIA, FEDERATED STATES OF</ISO_3166-1_Country_name>
      <ISO_3166-1_Alpha-2_Code_element>FM</ISO_3166-1_Alpha-2_Code_element>
   </ISO_3166-1_Entry>
   <ISO_3166-1_Entry>
      <ISO_3166-1_Country_name>MOLDOVA, REPUBLIC OF</ISO_3166-1_Country_name>
      <ISO_3166-1_Alpha-2_Code_element>MD</ISO_3166-1_Alpha-2_Code_element>
   </ISO_3166-1_Entry>
   <ISO_3166-1_Entry>
      <ISO_3166-1_Country_name>MONACO</ISO_3166-1_Country_name>
      <ISO_3166-1_Alpha-2_Code_element>MC</ISO_3166-1_Alpha-2_Code_element>
   </ISO_3166-1_Entry>
   <ISO_3166-1_Entry>
      <ISO_3166-1_Country_name>MONGOLIA</ISO_3166-1_Country_name>
      <ISO_3166-1_Alpha-2_Code_element>MN</ISO_3166-1_Alpha-2_Code_element>
   </ISO_3166-1_Entry>
   <ISO_3166-1_Entry>
      <ISO_3166-1_Country_name>MONTSERRAT</ISO_3166-1_Country_name>
      <ISO_3166-1_Alpha-2_Code_element>MS</ISO_3166-1_Alpha-2_Code_element>
   </ISO_3166-1_Entry>
   <ISO_3166-1_Entry>
      <ISO_3166-1_Country_name>MOROCCO</ISO_3166-1_Country_name>
      <ISO_3166-1_Alpha-2_Code_element>MA</ISO_3166-1_Alpha-2_Code_element>
   </ISO_3166-1_Entry>
   <ISO_3166-1_Entry>
      <ISO_3166-1_Country_name>MOZAMBIQUE</ISO_3166-1_Country_name>
      <ISO_3166-1_Alpha-2_Code_element>MZ</ISO_3166-1_Alpha-2_Code_element>
   </ISO_3166-1_Entry>
   <ISO_3166-1_Entry>
      <ISO_3166-1_Country_name>MYANMAR</ISO_3166-1_Country_name>
      <ISO_3166-1_Alpha-2_Code_element>MM</ISO_3166-1_Alpha-2_Code_element>
   </ISO_3166-1_Entry>
   <ISO_3166-1_Entry>
      <ISO_3166-1_Country_name>NAMIBIA</ISO_3166-1_Country_name>
      <ISO_3166-1_Alpha-2_Code_element>NA</ISO_3166-1_Alpha-2_Code_element>
   </ISO_3166-1_Entry>
   <ISO_3166-1_Entry>
      <ISO_3166-1_Country_name>NAURU</ISO_3166-1_Country_name>
      <ISO_3166-1_Alpha-2_Code_element>NR</ISO_3166-1_Alpha-2_Code_element>
   </ISO_3166-1_Entry>
   <ISO_3166-1_Entry>
      <ISO_3166-1_Country_name>NEPAL</ISO_3166-1_Country_name>
      <ISO_3166-1_Alpha-2_Code_element>NP</ISO_3166-1_Alpha-2_Code_element>
   </ISO_3166-1_Entry>
   <ISO_3166-1_Entry>
      <ISO_3166-1_Country_name>NETHERLANDS</ISO_3166-1_Country_name>
      <ISO_3166-1_Alpha-2_Code_element>NL</ISO_3166-1_Alpha-2_Code_element>
   </ISO_3166-1_Entry>
   <ISO_3166-1_Entry>
      <ISO_3166-1_Country_name>NETHERLANDS ANTILLES</ISO_3166-1_Country_name>
      <ISO_3166-1_Alpha-2_Code_element>AN</ISO_3166-1_Alpha-2_Code_element>
   </ISO_3166-1_Entry>
   <ISO_3166-1_Entry>
      <ISO_3166-1_Country_name>NEW CALEDONIA</ISO_3166-1_Country_name>
      <ISO_3166-1_Alpha-2_Code_element>NC</ISO_3166-1_Alpha-2_Code_element>
   </ISO_3166-1_Entry>
   <ISO_3166-1_Entry>
      <ISO_3166-1_Country_name>NEW ZEALAND</ISO_3166-1_Country_name>
      <ISO_3166-1_Alpha-2_Code_element>NZ</ISO_3166-1_Alpha-2_Code_element>
   </ISO_3166-1_Entry>
   <ISO_3166-1_Entry>
      <ISO_3166-1_Country_name>NICARAGUA</ISO_3166-1_Country_name>
      <ISO_3166-1_Alpha-2_Code_element>NI</ISO_3166-1_Alpha-2_Code_element>
   </ISO_3166-1_Entry>
   <ISO_3166-1_Entry>
      <ISO_3166-1_Country_name>NIGER</ISO_3166-1_Country_name>
      <ISO_3166-1_Alpha-2_Code_element>NE</ISO_3166-1_Alpha-2_Code_element>
   </ISO_3166-1_Entry>
   <ISO_3166-1_Entry>
      <ISO_3166-1_Country_name>NIGERIA</ISO_3166-1_Country_name>
      <ISO_3166-1_Alpha-2_Code_element>NG</ISO_3166-1_Alpha-2_Code_element>
   </ISO_3166-1_Entry>
   <ISO_3166-1_Entry>
      <ISO_3166-1_Country_name>NIUE</ISO_3166-1_Country_name>
      <ISO_3166-1_Alpha-2_Code_element>NU</ISO_3166-1_Alpha-2_Code_element>
   </ISO_3166-1_Entry>
   <ISO_3166-1_Entry>
      <ISO_3166-1_Country_name>NORFOLK ISLAND</ISO_3166-1_Country_name>
      <ISO_3166-1_Alpha-2_Code_element>NF</ISO_3166-1_Alpha-2_Code_element>
   </ISO_3166-1_Entry>
   <ISO_3166-1_Entry>
      <ISO_3166-1_Country_name>NORTHERN MARIANA ISLANDS</ISO_3166-1_Country_name>
      <ISO_3166-1_Alpha-2_Code_element>MP</ISO_3166-1_Alpha-2_Code_element>
   </ISO_3166-1_Entry>
   <ISO_3166-1_Entry>
      <ISO_3166-1_Country_name>NORWAY</ISO_3166-1_Country_name>
      <ISO_3166-1_Alpha-2_Code_element>NO</ISO_3166-1_Alpha-2_Code_element>
   </ISO_3166-1_Entry>
   <ISO_3166-1_Entry>
      <ISO_3166-1_Country_name>OMAN</ISO_3166-1_Country_name>
      <ISO_3166-1_Alpha-2_Code_element>OM</ISO_3166-1_Alpha-2_Code_element>
   </ISO_3166-1_Entry>
   <ISO_3166-1_Entry>
      <ISO_3166-1_Country_name>PAKISTAN</ISO_3166-1_Country_name>
      <ISO_3166-1_Alpha-2_Code_element>PK</ISO_3166-1_Alpha-2_Code_element>
   </ISO_3166-1_Entry>
   <ISO_3166-1_Entry>
      <ISO_3166-1_Country_name>PALAU</ISO_3166-1_Country_name>
      <ISO_3166-1_Alpha-2_Code_element>PW</ISO_3166-1_Alpha-2_Code_element>
   </ISO_3166-1_Entry>
   <ISO_3166-1_Entry>
      <ISO_3166-1_Country_name>PALESTINIAN TERRITORY, OCCUPIED</ISO_3166-1_Country_name>
      <ISO_3166-1_Alpha-2_Code_element>PS</ISO_3166-1_Alpha-2_Code_element>
   </ISO_3166-1_Entry>
   <ISO_3166-1_Entry>
      <ISO_3166-1_Country_name>PANAMA</ISO_3166-1_Country_name>
      <ISO_3166-1_Alpha-2_Code_element>PA</ISO_3166-1_Alpha-2_Code_element>
   </ISO_3166-1_Entry>
   <ISO_3166-1_Entry>
      <ISO_3166-1_Country_name>PAPUA NEW GUINEA</ISO_3166-1_Country_name>
      <ISO_3166-1_Alpha-2_Code_element>PG</ISO_3166-1_Alpha-2_Code_element>
   </ISO_3166-1_Entry>
   <ISO_3166-1_Entry>
      <ISO_3166-1_Country_name>PARAGUAY</ISO_3166-1_Country_name>
      <ISO_3166-1_Alpha-2_Code_element>PY</ISO_3166-1_Alpha-2_Code_element>
   </ISO_3166-1_Entry>
   <ISO_3166-1_Entry>
      <ISO_3166-1_Country_name>PERU</ISO_3166-1_Country_name>
      <ISO_3166-1_Alpha-2_Code_element>PE</ISO_3166-1_Alpha-2_Code_element>
   </ISO_3166-1_Entry>
   <ISO_3166-1_Entry>
      <ISO_3166-1_Country_name>PHILIPPINES</ISO_3166-1_Country_name>
      <ISO_3166-1_Alpha-2_Code_element>PH</ISO_3166-1_Alpha-2_Code_element>
   </ISO_3166-1_Entry>
   <ISO_3166-1_Entry>
      <ISO_3166-1_Country_name>PITCAIRN</ISO_3166-1_Country_name>
      <ISO_3166-1_Alpha-2_Code_element>PN</ISO_3166-1_Alpha-2_Code_element>
   </ISO_3166-1_Entry>
   <ISO_3166-1_Entry>
      <ISO_3166-1_Country_name>POLAND</ISO_3166-1_Country_name>
      <ISO_3166-1_Alpha-2_Code_element>PL</ISO_3166-1_Alpha-2_Code_element>
   </ISO_3166-1_Entry>
   <ISO_3166-1_Entry>
      <ISO_3166-1_Country_name>PORTUGAL</ISO_3166-1_Country_name>
      <ISO_3166-1_Alpha-2_Code_element>PT</ISO_3166-1_Alpha-2_Code_element>
   </ISO_3166-1_Entry>
   <ISO_3166-1_Entry>
      <ISO_3166-1_Country_name>PUERTO RICO</ISO_3166-1_Country_name>
      <ISO_3166-1_Alpha-2_Code_element>PR</ISO_3166-1_Alpha-2_Code_element>
   </ISO_3166-1_Entry>
   <ISO_3166-1_Entry>
      <ISO_3166-1_Country_name>QATAR</ISO_3166-1_Country_name>
      <ISO_3166-1_Alpha-2_Code_element>QA</ISO_3166-1_Alpha-2_Code_element>
   </ISO_3166-1_Entry>
   <ISO_3166-1_Entry>
      <ISO_3166-1_Country_name>REUNION</ISO_3166-1_Country_name>
      <ISO_3166-1_Alpha-2_Code_element>RE</ISO_3166-1_Alpha-2_Code_element>
   </ISO_3166-1_Entry>
   <ISO_3166-1_Entry>
      <ISO_3166-1_Country_name>ROMANIA</ISO_3166-1_Country_name>
      <ISO_3166-1_Alpha-2_Code_element>RO</ISO_3166-1_Alpha-2_Code_element>
   </ISO_3166-1_Entry>
   <ISO_3166-1_Entry>
      <ISO_3166-1_Country_name>RUSSIAN FEDERATION</ISO_3166-1_Country_name>
      <ISO_3166-1_Alpha-2_Code_element>RU</ISO_3166-1_Alpha-2_Code_element>
   </ISO_3166-1_Entry>
   <ISO_3166-1_Entry>
      <ISO_3166-1_Country_name>RWANDA</ISO_3166-1_Country_name>
      <ISO_3166-1_Alpha-2_Code_element>RW</ISO_3166-1_Alpha-2_Code_element>
   </ISO_3166-1_Entry>
   <ISO_3166-1_Entry>
      <ISO_3166-1_Country_name>SAINT HELENA</ISO_3166-1_Country_name>
      <ISO_3166-1_Alpha-2_Code_element>SH</ISO_3166-1_Alpha-2_Code_element>
   </ISO_3166-1_Entry>
   <ISO_3166-1_Entry>
      <ISO_3166-1_Country_name>SAINT KITTS AND NEVIS</ISO_3166-1_Country_name>
      <ISO_3166-1_Alpha-2_Code_element>KN</ISO_3166-1_Alpha-2_Code_element>
   </ISO_3166-1_Entry>
   <ISO_3166-1_Entry>
      <ISO_3166-1_Country_name>SAINT LUCIA</ISO_3166-1_Country_name>
      <ISO_3166-1_Alpha-2_Code_element>LC</ISO_3166-1_Alpha-2_Code_element>
   </ISO_3166-1_Entry>
   <ISO_3166-1_Entry>
      <ISO_3166-1_Country_name>SAINT PIERRE AND MIQUELON</ISO_3166-1_Country_name>
      <ISO_3166-1_Alpha-2_Code_element>PM</ISO_3166-1_Alpha-2_Code_element>
   </ISO_3166-1_Entry>
   <ISO_3166-1_Entry>
      <ISO_3166-1_Country_name>SAINT VINCENT AND THE GRENADINES</ISO_3166-1_Country_name>
      <ISO_3166-1_Alpha-2_Code_element>VC</ISO_3166-1_Alpha-2_Code_element>
   </ISO_3166-1_Entry>
   <ISO_3166-1_Entry>
      <ISO_3166-1_Country_name>SAMOA</ISO_3166-1_Country_name>
      <ISO_3166-1_Alpha-2_Code_element>WS</ISO_3166-1_Alpha-2_Code_element>
   </ISO_3166-1_Entry>
   <ISO_3166-1_Entry>
      <ISO_3166-1_Country_name>SAN MARINO</ISO_3166-1_Country_name>
      <ISO_3166-1_Alpha-2_Code_element>SM</ISO_3166-1_Alpha-2_Code_element>
   </ISO_3166-1_Entry>
   <ISO_3166-1_Entry>
      <ISO_3166-1_Country_name>SAO TOME AND PRINCIPE</ISO_3166-1_Country_name>
      <ISO_3166-1_Alpha-2_Code_element>ST</ISO_3166-1_Alpha-2_Code_element>
   </ISO_3166-1_Entry>
   <ISO_3166-1_Entry>
      <ISO_3166-1_Country_name>SAUDI ARABIA</ISO_3166-1_Country_name>
      <ISO_3166-1_Alpha-2_Code_element>SA</ISO_3166-1_Alpha-2_Code_element>
   </ISO_3166-1_Entry>
   <ISO_3166-1_Entry>
      <ISO_3166-1_Country_name>SENEGAL</ISO_3166-1_Country_name>
      <ISO_3166-1_Alpha-2_Code_element>SN</ISO_3166-1_Alpha-2_Code_element>
   </ISO_3166-1_Entry>
   <ISO_3166-1_Entry>
      <ISO_3166-1_Country_name>SERBIA AND MONTENEGRO</ISO_3166-1_Country_name>
      <ISO_3166-1_Alpha-2_Code_element>CS</ISO_3166-1_Alpha-2_Code_element>
   </ISO_3166-1_Entry>
   <ISO_3166-1_Entry>
      <ISO_3166-1_Country_name>SEYCHELLES</ISO_3166-1_Country_name>
      <ISO_3166-1_Alpha-2_Code_element>SC</ISO_3166-1_Alpha-2_Code_element>
   </ISO_3166-1_Entry>
   <ISO_3166-1_Entry>
      <ISO_3166-1_Country_name>SIERRA LEONE</ISO_3166-1_Country_name>
      <ISO_3166-1_Alpha-2_Code_element>SL</ISO_3166-1_Alpha-2_Code_element>
   </ISO_3166-1_Entry>
   <ISO_3166-1_Entry>
      <ISO_3166-1_Country_name>SINGAPORE</ISO_3166-1_Country_name>
      <ISO_3166-1_Alpha-2_Code_element>SG</ISO_3166-1_Alpha-2_Code_element>
   </ISO_3166-1_Entry>
   <ISO_3166-1_Entry>
      <ISO_3166-1_Country_name>SLOVAKIA</ISO_3166-1_Country_name>
      <ISO_3166-1_Alpha-2_Code_element>SK</ISO_3166-1_Alpha-2_Code_element>
   </ISO_3166-1_Entry>
   <ISO_3166-1_Entry>
      <ISO_3166-1_Country_name>SLOVENIA</ISO_3166-1_Country_name>
      <ISO_3166-1_Alpha-2_Code_element>SI</ISO_3166-1_Alpha-2_Code_element>
   </ISO_3166-1_Entry>
   <ISO_3166-1_Entry>
      <ISO_3166-1_Country_name>SOLOMON ISLANDS</ISO_3166-1_Country_name>
      <ISO_3166-1_Alpha-2_Code_element>SB</ISO_3166-1_Alpha-2_Code_element>
   </ISO_3166-1_Entry>
   <ISO_3166-1_Entry>
      <ISO_3166-1_Country_name>SOMALIA</ISO_3166-1_Country_name>
      <ISO_3166-1_Alpha-2_Code_element>SO</ISO_3166-1_Alpha-2_Code_element>
   </ISO_3166-1_Entry>
   <ISO_3166-1_Entry>
      <ISO_3166-1_Country_name>SOUTH AFRICA</ISO_3166-1_Country_name>
      <ISO_3166-1_Alpha-2_Code_element>ZA</ISO_3166-1_Alpha-2_Code_element>
   </ISO_3166-1_Entry>
   <ISO_3166-1_Entry>
      <ISO_3166-1_Country_name>SOUTH GEORGIA AND THE SOUTH SANDWICH ISLANDS</ISO_3166-1_Country_name>
      <ISO_3166-1_Alpha-2_Code_element>GS</ISO_3166-1_Alpha-2_Code_element>
   </ISO_3166-1_Entry>
   <ISO_3166-1_Entry>
      <ISO_3166-1_Country_name>SPAIN</ISO_3166-1_Country_name>
      <ISO_3166-1_Alpha-2_Code_element>ES</ISO_3166-1_Alpha-2_Code_element>
   </ISO_3166-1_Entry>
   <ISO_3166-1_Entry>
      <ISO_3166-1_Country_name>SRI LANKA</ISO_3166-1_Country_name>
      <ISO_3166-1_Alpha-2_Code_element>LK</ISO_3166-1_Alpha-2_Code_element>
   </ISO_3166-1_Entry>
   <ISO_3166-1_Entry>
      <ISO_3166-1_Country_name>SUDAN</ISO_3166-1_Country_name>
      <ISO_3166-1_Alpha-2_Code_element>SD</ISO_3166-1_Alpha-2_Code_element>
   </ISO_3166-1_Entry>
   <ISO_3166-1_Entry>
      <ISO_3166-1_Country_name>SURINAME</ISO_3166-1_Country_name>
      <ISO_3166-1_Alpha-2_Code_element>SR</ISO_3166-1_Alpha-2_Code_element>
   </ISO_3166-1_Entry>
   <ISO_3166-1_Entry>
      <ISO_3166-1_Country_name>SVALBARD AND JAN MAYEN</ISO_3166-1_Country_name>
      <ISO_3166-1_Alpha-2_Code_element>SJ</ISO_3166-1_Alpha-2_Code_element>
   </ISO_3166-1_Entry>
   <ISO_3166-1_Entry>
      <ISO_3166-1_Country_name>SWAZILAND</ISO_3166-1_Country_name>
      <ISO_3166-1_Alpha-2_Code_element>SZ</ISO_3166-1_Alpha-2_Code_element>
   </ISO_3166-1_Entry>
   <ISO_3166-1_Entry>
      <ISO_3166-1_Country_name>SWEDEN</ISO_3166-1_Country_name>
      <ISO_3166-1_Alpha-2_Code_element>SE</ISO_3166-1_Alpha-2_Code_element>
   </ISO_3166-1_Entry>
   <ISO_3166-1_Entry>
      <ISO_3166-1_Country_name>SWITZERLAND</ISO_3166-1_Country_name>
      <ISO_3166-1_Alpha-2_Code_element>CH</ISO_3166-1_Alpha-2_Code_element>
   </ISO_3166-1_Entry>
   <ISO_3166-1_Entry>
      <ISO_3166-1_Country_name>SYRIAN ARAB REPUBLIC</ISO_3166-1_Country_name>
      <ISO_3166-1_Alpha-2_Code_element>SY</ISO_3166-1_Alpha-2_Code_element>
   </ISO_3166-1_Entry>
   <ISO_3166-1_Entry>
      <ISO_3166-1_Country_name>TAIWAN, PROVINCE OF CHINA</ISO_3166-1_Country_name>
      <ISO_3166-1_Alpha-2_Code_element>TW</ISO_3166-1_Alpha-2_Code_element>
   </ISO_3166-1_Entry>
   <ISO_3166-1_Entry>
      <ISO_3166-1_Country_name>TAJIKISTAN</ISO_3166-1_Country_name>
      <ISO_3166-1_Alpha-2_Code_element>TJ</ISO_3166-1_Alpha-2_Code_element>
   </ISO_3166-1_Entry>
   <ISO_3166-1_Entry>
      <ISO_3166-1_Country_name>TANZANIA, UNITED REPUBLIC OF</ISO_3166-1_Country_name>
      <ISO_3166-1_Alpha-2_Code_element>TZ</ISO_3166-1_Alpha-2_Code_element>
   </ISO_3166-1_Entry>
   <ISO_3166-1_Entry>
      <ISO_3166-1_Country_name>THAILAND</ISO_3166-1_Country_name>
      <ISO_3166-1_Alpha-2_Code_element>TH</ISO_3166-1_Alpha-2_Code_element>
   </ISO_3166-1_Entry>
   <ISO_3166-1_Entry>
      <ISO_3166-1_Country_name>TIMOR-LESTE</ISO_3166-1_Country_name>
      <ISO_3166-1_Alpha-2_Code_element>TL</ISO_3166-1_Alpha-2_Code_element>
   </ISO_3166-1_Entry>
   <ISO_3166-1_Entry>
      <ISO_3166-1_Country_name>TOGO</ISO_3166-1_Country_name>
      <ISO_3166-1_Alpha-2_Code_element>TG</ISO_3166-1_Alpha-2_Code_element>
   </ISO_3166-1_Entry>
   <ISO_3166-1_Entry>
      <ISO_3166-1_Country_name>TOKELAU</ISO_3166-1_Country_name>
      <ISO_3166-1_Alpha-2_Code_element>TK</ISO_3166-1_Alpha-2_Code_element>
   </ISO_3166-1_Entry>
   <ISO_3166-1_Entry>
      <ISO_3166-1_Country_name>TONGA</ISO_3166-1_Country_name>
      <ISO_3166-1_Alpha-2_Code_element>TO</ISO_3166-1_Alpha-2_Code_element>
   </ISO_3166-1_Entry>
   <ISO_3166-1_Entry>
      <ISO_3166-1_Country_name>TRINIDAD AND TOBAGO</ISO_3166-1_Country_name>
      <ISO_3166-1_Alpha-2_Code_element>TT</ISO_3166-1_Alpha-2_Code_element>
   </ISO_3166-1_Entry>
   <ISO_3166-1_Entry>
      <ISO_3166-1_Country_name>TUNISIA</ISO_3166-1_Country_name>
      <ISO_3166-1_Alpha-2_Code_element>TN</ISO_3166-1_Alpha-2_Code_element>
   </ISO_3166-1_Entry>
   <ISO_3166-1_Entry>
      <ISO_3166-1_Country_name>TURKEY</ISO_3166-1_Country_name>
      <ISO_3166-1_Alpha-2_Code_element>TR</ISO_3166-1_Alpha-2_Code_element>
   </ISO_3166-1_Entry>
   <ISO_3166-1_Entry>
      <ISO_3166-1_Country_name>TURKMENISTAN</ISO_3166-1_Country_name>
      <ISO_3166-1_Alpha-2_Code_element>TM</ISO_3166-1_Alpha-2_Code_element>
   </ISO_3166-1_Entry>
   <ISO_3166-1_Entry>
      <ISO_3166-1_Country_name>TURKS AND CAICOS ISLANDS</ISO_3166-1_Country_name>
      <ISO_3166-1_Alpha-2_Code_element>TC</ISO_3166-1_Alpha-2_Code_element>
   </ISO_3166-1_Entry>
   <ISO_3166-1_Entry>
      <ISO_3166-1_Country_name>TUVALU</ISO_3166-1_Country_name>
      <ISO_3166-1_Alpha-2_Code_element>TV</ISO_3166-1_Alpha-2_Code_element>
   </ISO_3166-1_Entry>
   <ISO_3166-1_Entry>
      <ISO_3166-1_Country_name>UGANDA</ISO_3166-1_Country_name>
      <ISO_3166-1_Alpha-2_Code_element>UG</ISO_3166-1_Alpha-2_Code_element>
   </ISO_3166-1_Entry>
   <ISO_3166-1_Entry>
      <ISO_3166-1_Country_name>UKRAINE</ISO_3166-1_Country_name>
      <ISO_3166-1_Alpha-2_Code_element>UA</ISO_3166-1_Alpha-2_Code_element>
   </ISO_3166-1_Entry>
   <ISO_3166-1_Entry>
      <ISO_3166-1_Country_name>UNITED ARAB EMIRATES</ISO_3166-1_Country_name>
      <ISO_3166-1_Alpha-2_Code_element>AE</ISO_3166-1_Alpha-2_Code_element>
   </ISO_3166-1_Entry>
   <ISO_3166-1_Entry>
      <ISO_3166-1_Country_name>UNITED KINGDOM</ISO_3166-1_Country_name>
      <ISO_3166-1_Alpha-2_Code_element>GB</ISO_3166-1_Alpha-2_Code_element>
   </ISO_3166-1_Entry>
   <ISO_3166-1_Entry>
      <ISO_3166-1_Country_name>UNITED STATES</ISO_3166-1_Country_name>
      <ISO_3166-1_Alpha-2_Code_element>US</ISO_3166-1_Alpha-2_Code_element>
   </ISO_3166-1_Entry>
   <ISO_3166-1_Entry>
      <ISO_3166-1_Country_name>UNITED STATES MINOR OUTLYING ISLANDS</ISO_3166-1_Country_name>
      <ISO_3166-1_Alpha-2_Code_element>UM</ISO_3166-1_Alpha-2_Code_element>
   </ISO_3166-1_Entry>
   <ISO_3166-1_Entry>
      <ISO_3166-1_Country_name>URUGUAY</ISO_3166-1_Country_name>
      <ISO_3166-1_Alpha-2_Code_element>UY</ISO_3166-1_Alpha-2_Code_element>
   </ISO_3166-1_Entry>
   <ISO_3166-1_Entry>
      <ISO_3166-1_Country_name>UZBEKISTAN</ISO_3166-1_Country_name>
      <ISO_3166-1_Alpha-2_Code_element>UZ</ISO_3166-1_Alpha-2_Code_element>
   </ISO_3166-1_Entry>
   <ISO_3166-1_Entry>
      <ISO_3166-1_Country_name>VANUATU</ISO_3166-1_Country_name>
      <ISO_3166-1_Alpha-2_Code_element>VU</ISO_3166-1_Alpha-2_Code_element>
   </ISO_3166-1_Entry>
   <ISO_3166-1_Entry>
      <ISO_3166-1_Country_name>VENEZUELA</ISO_3166-1_Country_name>
      <ISO_3166-1_Alpha-2_Code_element>VE</ISO_3166-1_Alpha-2_Code_element>
   </ISO_3166-1_Entry>
   <ISO_3166-1_Entry>
      <ISO_3166-1_Country_name>VIET NAM</ISO_3166-1_Country_name>
      <ISO_3166-1_Alpha-2_Code_element>VN</ISO_3166-1_Alpha-2_Code_element>
   </ISO_3166-1_Entry>
   <ISO_3166-1_Entry>
      <ISO_3166-1_Country_name>VIRGIN ISLANDS, BRITISH</ISO_3166-1_Country_name>
      <ISO_3166-1_Alpha-2_Code_element>VG</ISO_3166-1_Alpha-2_Code_element>
   </ISO_3166-1_Entry>
   <ISO_3166-1_Entry>
      <ISO_3166-1_Country_name>VIRGIN ISLANDS, U.S.</ISO_3166-1_Country_name>
      <ISO_3166-1_Alpha-2_Code_element>VI</ISO_3166-1_Alpha-2_Code_element>
   </ISO_3166-1_Entry>
   <ISO_3166-1_Entry>
      <ISO_3166-1_Country_name>WALLIS AND FUTUNA</ISO_3166-1_Country_name>
      <ISO_3166-1_Alpha-2_Code_element>WF</ISO_3166-1_Alpha-2_Code_element>
   </ISO_3166-1_Entry>
   <ISO_3166-1_Entry>
      <ISO_3166-1_Country_name>WESTERN SAHARA</ISO_3166-1_Country_name>
      <ISO_3166-1_Alpha-2_Code_element>EH</ISO_3166-1_Alpha-2_Code_element>
   </ISO_3166-1_Entry>
   <ISO_3166-1_Entry>
      <ISO_3166-1_Country_name>YEMEN</ISO_3166-1_Country_name>
      <ISO_3166-1_Alpha-2_Code_element>YE</ISO_3166-1_Alpha-2_Code_element>
   </ISO_3166-1_Entry>
   <ISO_3166-1_Entry>
      <ISO_3166-1_Country_name>ZAMBIA</ISO_3166-1_Country_name>
      <ISO_3166-1_Alpha-2_Code_element>ZM</ISO_3166-1_Alpha-2_Code_element>
   </ISO_3166-1_Entry>
   <ISO_3166-1_Entry>
      <ISO_3166-1_Country_name>ZIMBABWE</ISO_3166-1_Country_name>
      <ISO_3166-1_Alpha-2_Code_element>ZW</ISO_3166-1_Alpha-2_Code_element>
   </ISO_3166-1_Entry>
</ISO_3166-1_List_en>
