<?xml version="1.0" encoding="UTF-8"?>
<!-- edited with XMLSpy v2006 sp2 U (http://www.altova.com) by Julian Cox (Cultuurnet Vlaanderen) -->
<cdbxml xmlns="http://www.cultuurdatabank.com/XMLSchema/CdbXSD/3.0/FINAL" xmlns:xsi="http://www.w3.org/2001/XMLSchema-instance" xsi:schemaLocation="http://www.cultuurdatabank.com/XMLSchema/CdbXSD/3.0/FINAL http://www.cultuurdatabank.com/XMLSchema/CdbXSD/3.0/FINAL/CdbXSD.xsd">
	<regions version="1.0">
		<region type="provincie" label="Brussel Hoofdstedelijk">
			<city cdbid="1000_BRUSSEL"/>
			<city cdbid="1020_LAKEN"/>
			<city cdbid="1030_SCHAARBEEK"/>
			<city cdbid="1040_ETTERBEEK"/>
			<city cdbid="1050_ELSENE"/>
			<city cdbid="1060_SINT-GILLIS"/>
			<city cdbid="1070_ANDERLECHT"/>
			<city cdbid="1080_SINT-JANS-MOLENBEEK"/>
			<city cdbid="1081_KOEKELBERG"/>
			<city cdbid="1082_SINT-AGATHA-BERCHEM"/>
			<city cdbid="1083_GANSHOREN"/>
			<city cdbid="1090_JETTE"/>
			<city cdbid="1120_NEDER-OVER-HEEMBEEK"/>
			<city cdbid="1130_HAREN"/>
			<city cdbid="1140_EVERE"/>
			<city cdbid="1150_SINT-PIETERS-WOLUWE"/>
			<city cdbid="1160_OUDERGEM"/>
			<city cdbid="1170_WATERMAAL-BOSVOORDE"/>
			<city cdbid="1180_UKKEL"/>
			<city cdbid="1190_VORST"/>
			<city cdbid="1200_SINT-LAMBRECHTS-WOLUWE"/>
			<city cdbid="1210_SINT-JOOST-TEN-NODE"/>
		</region>
		<region type="provincie" label="Vlaams-Brabant">
			<city cdbid="1500_HALLE"/>
			<city cdbid="1501_BUIZINGEN"/>
			<city cdbid="1502_LEMBEEK"/>
			<city cdbid="1540_HERFELINGEN"/>
			<city cdbid="1541_HERNE"/>
			<city cdbid="1540_SINT-PIETERS-KAPELLE"/>
			<city cdbid="1547_BEVER"/>
			<city cdbid="1547_BIEVENE"/>
			<city cdbid="1560_HOEILAART"/>
			<city cdbid="1570_GALMAARDEN"/>
			<city cdbid="1570_TOLLEMBEEK"/>
			<city cdbid="1570_VOLLEZELE"/>
			<city cdbid="1600_OUDENAKEN"/>
			<city cdbid="1600_SINT-LAUREINS-BERCHEM"/>
			<city cdbid="1600_SINT-PIETERS-LEEUW"/>
			<city cdbid="1601_RUISBROEK"/>
			<city cdbid="1602_VLEZENBEEK"/>
			<city cdbid="1620_DROGENBOS"/>
			<city cdbid="1630_LINKEBEEK"/>
			<city cdbid="1640_SINT-GENESIUS-RODE"/>
			<city cdbid="1650_BEERSEL"/>
			<city cdbid="1651_LOT"/>
			<city cdbid="1652_ALSEMBERG"/>
			<city cdbid="1653_DWORP"/>
			<city cdbid="1654_HUIZINGEN"/>
			<city cdbid="1670_BOGAARDEN"/>
			<city cdbid="1670_HEIKRUIS"/>
			<city cdbid="1670_PEPINGEN"/>
			<city cdbid="1671_ELINGEN"/>
			<city cdbid="1673_BEERT"/>
			<city cdbid="1674_BELLINGEN"/>
			<city cdbid="1700_DILBEEK"/>
			<city cdbid="1700_SINT-MARTENS-BODEGEM"/>
			<city cdbid="1700_SINT-ULRIKS-KAPELLE"/>
			<city cdbid="1701_ITTERBEEK"/>
			<city cdbid="1702_GROOT-BIJGAARDEN"/>
			<city cdbid="1703_SCHEPDAAL"/>
			<city cdbid="1730_ASSE"/>
			<city cdbid="1730_BEKKERZEEL"/>
			<city cdbid="1730_KOBBEGEM"/>
			<city cdbid="1730_MOLLEM"/>
			<city cdbid="1731_RELEGEM"/>
			<city cdbid="1731_ZELLIK"/>
			<city cdbid="1740_TERNAT"/>
			<city cdbid="1741_WAMBEEK"/>
			<city cdbid="1742_SINT-KATHERINA-LOMBEEK"/>
			<city cdbid="1745_MAZENZELE"/>
			<city cdbid="1745_OPWIJK"/>
			<city cdbid="1750_GAASBEEK"/>
			<city cdbid="1750_LENNIK"/>
			<city cdbid="1750_SINT-KWINTENS-LENNIK"/>
			<city cdbid="1750_SINT-MARTENS-LENNIK"/>
			<city cdbid="1755_GOOIK"/>
			<city cdbid="1755_KESTER"/>
			<city cdbid="1755_LEERBEEK"/>
			<city cdbid="1755_OETINGEN"/>
			<city cdbid="1760_ONZE-LIEVE-VROUW-LOMBEEK"/>
			<city cdbid="1760_PAMEL"/>
			<city cdbid="1760_ROOSDAAL"/>
			<city cdbid="1760_STRIJTEM"/>
			<city cdbid="1761_BORCHTLOMBEEK"/>
			<city cdbid="1770_LIEDEKERKE"/>
			<city cdbid="1780_WEMMEL"/>
			<city cdbid="1785_BRUSSEGEM"/>
			<city cdbid="1785_HAMME"/>
			<city cdbid="1785_MERCHTEM"/>
			<city cdbid="1790_AFFLIGEM"/>
			<city cdbid="1790_ESSENE"/>
			<city cdbid="1790_HEKELGEM"/>
			<city cdbid="1790_TERALFENE"/>
			<city cdbid="1800_PEUTIE"/>
			<city cdbid="1800_VILVOORDE"/>
			<city cdbid="1820_MELSBROEK"/>
			<city cdbid="1820_PERK"/>
			<city cdbid="1820_STEENOKKERZEEL"/>
			<city cdbid="1830_MACHELEN"/>
			<city cdbid="1831_DIEGEM"/>
			<city cdbid="1840_LONDERZEEL"/>
			<city cdbid="1840_MALDEREN"/>
			<city cdbid="1840_STEENHUFFEL"/>
			<city cdbid="1850_GRIMBERGEN"/>
			<city cdbid="1851_HUMBEEK"/>
			<city cdbid="1852_BEIGEM"/>
			<city cdbid="1853_STROMBEEK-BEVER"/>
			<city cdbid="1860_MEISE"/>
			<city cdbid="1861_WOLVERTEM"/>
			<city cdbid="1880_KAPELLE-OP-DEN-BOS"/>
			<city cdbid="1880_NIEUWENRODE"/>
			<city cdbid="1880_RAMSDONK"/>
			<city cdbid="1910_BERG"/>
			<city cdbid="1910_BUKEN"/>
			<city cdbid="1910_KAMPENHOUT"/>
			<city cdbid="1910_NEDEROKKERZEEL"/>
			<city cdbid="1930_NOSSEGEM"/>
			<city cdbid="1930_ZAVENTEM"/>
			<city cdbid="1932_SINT-STEVENS-WOLUWE"/>
			<city cdbid="1933_STERREBEEK"/>
			<city cdbid="1950_KRAAINEM"/>
			<city cdbid="1970_WEZEMBEEK-OPPEM"/>
			<city cdbid="1980_EPPEGEM"/>
			<city cdbid="1980_ZEMST"/>
			<city cdbid="1981_HOFSTADE"/>
			<city cdbid="1982_ELEWIJT"/>
			<city cdbid="1982_WEERDE"/>
			<city cdbid="3000_LEUVEN"/>
			<city cdbid="3001_HEVERLEE"/>
			<city cdbid="3010_KESSEL-LO"/>
			<city cdbid="3012_WILSELE"/>
			<city cdbid="3018_WIJGMAAL"/>
			<city cdbid="3020_HERENT"/>
			<city cdbid="3020_VELTEM-BEISEM"/>
			<city cdbid="3020_WINKSELE"/>
			<city cdbid="3040_HULDENBERG"/>
			<city cdbid="3040_LOONBEEK"/>
			<city cdbid="3040_NEERIJSE"/>
			<city cdbid="3040_OTTENBURG"/>
			<city cdbid="3040_SINT-AGATHA-RODE"/>
			<city cdbid="3050_OUD-HEVERLEE"/>
			<city cdbid="3051_SINT-JORIS-WEERT"/>
			<city cdbid="3052_BLANDEN"/>
			<city cdbid="3053_HAASRODE"/>
			<city cdbid="3054_VAALBEEK"/>
			<city cdbid="3060_BERTEM"/>
			<city cdbid="3060_KORBEEK-DIJLE"/>
			<city cdbid="3061_LEEFDAAL"/>
			<city cdbid="3070_KORTENBERG"/>
			<city cdbid="3071_ERPS-KWERPS"/>
			<city cdbid="3078_EVERBERG"/>
			<city cdbid="3078_MEERBEEK"/>
			<city cdbid="3080_DUISBURG"/>
			<city cdbid="3080_TERVUREN"/>
			<city cdbid="3080_VOSSEM"/>
			<city cdbid="3090_OVERIJSE"/>
			<city cdbid="3110_ROTSELAAR"/>
			<city cdbid="3111_WEZEMAAL"/>
			<city cdbid="3118_WERCHTER"/>
			<city cdbid="3120_TREMELO"/>
			<city cdbid="3128_BAAL"/>
			<city cdbid="3130_BEGIJNENDIJK"/>
			<city cdbid="3130_BETEKOM"/>
			<city cdbid="3140_KEERBERGEN"/>
			<city cdbid="3150_HAACHT"/>
			<city cdbid="3150_TILDONK"/>
			<city cdbid="3150_WESPELAAR"/>
			<city cdbid="3190_BOORTMEERBEEK"/>
			<city cdbid="3191_HEVER"/>
			<city cdbid="3200_AARSCHOT"/>
			<city cdbid="3200_GELRODE"/>
			<city cdbid="3201_LANGDORP"/>
			<city cdbid="3202_RILLAAR"/>
			<city cdbid="3210_LINDEN"/>
			<city cdbid="3210_LUBBEEK"/>
			<city cdbid="3211_BINKOM"/>
			<city cdbid="3212_PELLENBERG"/>
			<city cdbid="3220_HOLSBEEK"/>
			<city cdbid="3220_SINT-PIETERS-RODE"/>
			<city cdbid="3221_NIEUWRODE"/>
			<city cdbid="3270_SCHERPENHEUVEL"/>
			<city cdbid="3271_AVERBODE"/>
			<city cdbid="3271_ZICHEM"/>
			<city cdbid="3272_MESSELBROEK"/>
			<city cdbid="3272_TESTELT"/>
			<city cdbid="3290_DEURNE"/>
			<city cdbid="3290_DIEST"/>
			<city cdbid="3290_SCHAFFEN"/>
			<city cdbid="3290_WEBBEKOM"/>
			<city cdbid="3293_KAGGEVINNE"/>
			<city cdbid="3294_MOLENSTEDE"/>
			<city cdbid="3300_BOST"/>
			<city cdbid="3300_GOETSENHOVEN"/>
			<city cdbid="3300_HAKENDOVER"/>
			<city cdbid="3300_KUMTICH"/>
			<city cdbid="3300_OORBEEK"/>
			<city cdbid="3300_OPLINTER"/>
			<city cdbid="3300_ST-MARGRIETE-HOUTEM"/>
			<city cdbid="3300_TIENEN"/>
			<city cdbid="3300_VISSENAKEN"/>
			<city cdbid="3320_HOEGAARDEN"/>
			<city cdbid="3320_MELDERT"/>
			<city cdbid="3321_OUTGAARDEN"/>
			<city cdbid="3350_DRIESLINTER"/>
			<city cdbid="3350_LINTER"/>
			<city cdbid="3350_MELKWEZER"/>
			<city cdbid="3350_NEERHESPEN"/>
			<city cdbid="3350_NEERLINTER"/>
			<city cdbid="3350_ORSMAAL-GUSSENHOVEN"/>
			<city cdbid="3350_OVERHESPEN"/>
			<city cdbid="3350_WOMMERSOM"/>
			<city cdbid="3360_BIERBEEK"/>
			<city cdbid="3360_KORBEEK-LO"/>
			<city cdbid="3360_LOVENJOEL"/>
			<city cdbid="3360_OPVELP"/>
			<city cdbid="3370_BOUTERSEM"/>
			<city cdbid="3370_KERKOM"/>
			<city cdbid="3370_NEERVELP"/>
			<city cdbid="3370_ROOSBEEK"/>
			<city cdbid="3370_VERTRIJK"/>
			<city cdbid="3370_WILLEBRINGEN"/>
			<city cdbid="3380_BUNSBEEK"/>
			<city cdbid="3380_GLABBEEK"/>
			<city cdbid="3381_KAPELLEN"/>
			<city cdbid="3384_ATTENRODE"/>
			<city cdbid="3390_HOUWAART"/>
			<city cdbid="3390_SINT-JORIS-WINGE"/>
			<city cdbid="3390_TIELT"/>
			<city cdbid="3391_MEENSEL-KIEZEGEM"/>
			<city cdbid="3400_ELIKSEM"/>
			<city cdbid="3400_EZEMAAL"/>
			<city cdbid="3400_LAAR"/>
			<city cdbid="3400_LANDEN"/>
			<city cdbid="3400_NEERWINDEN"/>
			<city cdbid="3400_OVERWINDEN"/>
			<city cdbid="3400_RUMSDORP"/>
			<city cdbid="3400_WANGE"/>
			<city cdbid="3401_WAASMONT"/>
			<city cdbid="3401_WALSBETS"/>
			<city cdbid="3401_WALSHOUTEM"/>
			<city cdbid="3401_WEZEREN"/>
			<city cdbid="3404_ATTENHOVEN"/>
			<city cdbid="3404_NEERLANDEN"/>
			<city cdbid="3440_BUDINGEN"/>
			<city cdbid="3440_DORMAAL"/>
			<city cdbid="3440_HALLE-BOOIENHOVEN"/>
			<city cdbid="3440_HELEN-BOS"/>
			<city cdbid="3440_ZOUTLEEUW"/>
			<city cdbid="3450_GEETBETS"/>
			<city cdbid="3450_GRAZEN"/>
			<city cdbid="3454_RUMMEN"/>
			<city cdbid="3460_ASSENT"/>
			<city cdbid="3460_BEKKEVOORT"/>
			<city cdbid="3461_MOLENBEEK-WERSBEEK"/>
			<city cdbid="3470_KORTENAKEN"/>
			<city cdbid="3470_RANSBERG"/>
			<city cdbid="3470_ST-MARGRIETE"/>
			<city cdbid="3471_HOELEDEN"/>
			<city cdbid="3472_KERSBEEK-MISKOM"/>
			<city cdbid="3473_WAANRODE"/>
		</region>
		<region type="provincie" label="Antwerpen">
			<city cdbid="2000_ANTWERPEN"/>
			<city cdbid="2018_ANTWERPEN_18"/>
			<city cdbid="2020_ANTWERPEN_2"/>
			<city cdbid="2030_ANTWERPEN_3"/>
			<city cdbid="2040_ANTWERPEN_4"/>
			<city cdbid="2040_BERENDRECHT"/>
			<city cdbid="2040_LILLO"/>
			<city cdbid="2040_ZANDVLIET"/>
			<city cdbid="2050_ANTWERPEN_5"/>
			<city cdbid="2060_ANTWERPEN_6"/>
			<city cdbid="2070_BURCHT"/>
			<city cdbid="2070_ZWIJNDRECHT"/>
			<city cdbid="2100_DEURNE"/>
			<city cdbid="2110_WIJNEGEM"/>
			<city cdbid="2140_BORGERHOUT"/>
			<city cdbid="2150_BORSBEEK"/>
			<city cdbid="2160_WOMMELGEM"/>
			<city cdbid="2170_MERKSEM"/>
			<city cdbid="2180_EKEREN"/>
			<city cdbid="2200_HERENTALS"/>
			<city cdbid="2200_MORKHOVEN"/>
			<city cdbid="2200_NOORDERWIJK"/>
			<city cdbid="2220_HALLAAR"/>
			<city cdbid="2220_HEIST-OP-DEN-BERG"/>
			<city cdbid="2221_BOOISCHOT"/>
			<city cdbid="2222_ITEGEM"/>
			<city cdbid="2222_WIEKEVORST"/>
			<city cdbid="2223_SCHRIEK"/>
			<city cdbid="2230_HERSELT"/>
			<city cdbid="2230_RAMSEL"/>
			<city cdbid="2235_HOUTVENNE"/>
			<city cdbid="2235_HULSHOUT"/>
			<city cdbid="2235_WESTMEERBEEK"/>
			<city cdbid="2240_MASSENHOVEN"/>
			<city cdbid="2240_VIERSEL"/>
			<city cdbid="2240_ZANDHOVEN"/>
			<city cdbid="2242_PULDERBOS"/>
			<city cdbid="2243_PULLE"/>
			<city cdbid="2250_OLEN"/>
			<city cdbid="2260_OEVEL"/>
			<city cdbid="2260_TONGERLO"/>
			<city cdbid="2260_WESTERLO"/>
			<city cdbid="2260_ZOERLE-PARWIJS"/>
			<city cdbid="2260_VOORTKAPEL"/>
			<city cdbid="2270_HERENTHOUT"/>
			<city cdbid="2275_GIERLE"/>
			<city cdbid="2275_LILLE"/>
			<city cdbid="2275_POEDERLEE"/>
			<city cdbid="2275_WECHELDERZANDE"/>
			<city cdbid="2280_GROBBENDONK"/>
			<city cdbid="2288_BOUWEL"/>
			<city cdbid="2290_VORSELAAR"/>
			<city cdbid="2300_TURNHOUT"/>
			<city cdbid="2310_RIJKEVORSEL"/>
			<city cdbid="2320_HOOGSTRATEN"/>
			<city cdbid="2321_MEER"/>
			<city cdbid="2322_MINDERHOUT"/>
			<city cdbid="2323_WORTEL"/>
			<city cdbid="2328_MEERLE"/>
			<city cdbid="2330_MERKSPLAS"/>
			<city cdbid="2340_BEERSE"/>
			<city cdbid="2340_VLIMMEREN"/>
			<city cdbid="2350_VOSSELAAR"/>
			<city cdbid="2360_OUD-TURNHOUT"/>
			<city cdbid="2370_ARENDONK"/>
			<city cdbid="2380_RAVELS"/>
			<city cdbid="2381_WEELDE"/>
			<city cdbid="2382_POPPEL"/>
			<city cdbid="2387_BAARLE-HERTOG"/>
			<city cdbid="2390_MALLE"/>
			<city cdbid="2390_OOSTMALLE"/>
			<city cdbid="2390_WESTMALLE"/>
			<city cdbid="2400_MOL"/>
			<city cdbid="2430_EINDHOUT"/>
			<city cdbid="2430_LAAKDAL"/>
			<city cdbid="2430_VORST"/>
			<city cdbid="2431_VARENDONK"/>
			<city cdbid="2431_VEERLE"/>
			<city cdbid="2440_GEEL"/>
			<city cdbid="2450_MEERHOUT"/>
			<city cdbid="2460_KASTERLEE"/>
			<city cdbid="2460_LICHTAART"/>
			<city cdbid="2460_TIELEN"/>
			<city cdbid="2470_RETIE"/>
			<city cdbid="2480_DESSEL"/>
			<city cdbid="2490_BALEN"/>
			<city cdbid="2491_OLMEN"/>
			<city cdbid="2500_KONINGSHOOIKT"/>
			<city cdbid="2500_LIER"/>
			<city cdbid="2520_BROECHEM"/>
			<city cdbid="2520_EMBLEM"/>
			<city cdbid="2520_OELEGEM"/>
			<city cdbid="2520_RANST"/>
			<city cdbid="2530_BOECHOUT"/>
			<city cdbid="2531_VREMDE"/>
			<city cdbid="2540_HOVE"/>
			<city cdbid="2547_LINT"/>
			<city cdbid="2550_KONTICH"/>
			<city cdbid="2550_WAARLOOS"/>
			<city cdbid="2560_BEVEL"/>
			<city cdbid="2560_KESSEL"/>
			<city cdbid="2560_NIJLEN"/>
			<city cdbid="2570_DUFFEL"/>
			<city cdbid="2580_BEERZEL"/>
			<city cdbid="2580_PUTTE"/>
			<city cdbid="2590_BERLAAR"/>
			<city cdbid="2590_GESTEL"/>
			<city cdbid="2600_BERCHEM"/>
			<city cdbid="2610_WILRIJK"/>
			<city cdbid="2620_HEMIKSEM"/>
			<city cdbid="2627_SCHELLE"/>
			<city cdbid="2630_AARTSELAAR"/>
			<city cdbid="2640_MORTSEL"/>
			<city cdbid="2650_EDEGEM"/>
			<city cdbid="2660_HOBOKEN"/>
			<city cdbid="2800_MECHELEN"/>
			<city cdbid="2800_WALEM"/>
			<city cdbid="2801_HEFFEN"/>
			<city cdbid="2811_HOMBEEK"/>
			<city cdbid="2811_LEEST"/>
			<city cdbid="2812_MUIZEN"/>
			<city cdbid="2820_BONHEIDEN"/>
			<city cdbid="2820_RIJMENAM"/>
			<city cdbid="2830_BLAASVELD"/>
			<city cdbid="2830_HEINDONK"/>
			<city cdbid="2830_TISSELT"/>
			<city cdbid="2830_WILLEBROEK"/>
			<city cdbid="2840_REET"/>
			<city cdbid="2840_RUMST"/>
			<city cdbid="2840_TERHAGEN"/>
			<city cdbid="2845_NIEL"/>
			<city cdbid="2850_BOOM"/>
			<city cdbid="2860_SINT-KATELIJNE-WAVER"/>
			<city cdbid="2861_ONZE-LIEVE-VROUW-WAVER"/>
			<city cdbid="2870_BREENDONK"/>
			<city cdbid="2870_LIEZELE"/>
			<city cdbid="2870_PUURS"/>
			<city cdbid="2870_RUISBROEK"/>
			<city cdbid="2880_BORNEM"/>
			<city cdbid="2880_HINGENE"/>
			<city cdbid="2880_MARIEKERKE"/>
			<city cdbid="2880_WEERT"/>
			<city cdbid="2890_LIPPELO"/>
			<city cdbid="2890_OPPUURS"/>
			<city cdbid="2890_SINT-AMANDS"/>
			<city cdbid="2900_SCHOTEN"/>
			<city cdbid="2910_ESSEN"/>
			<city cdbid="2920_KALMTHOUT"/>
			<city cdbid="2930_BRASSCHAAT"/>
			<city cdbid="2940_HOEVENEN"/>
			<city cdbid="2940_STABROEK"/>
			<city cdbid="2950_KAPELLEN"/>
			<city cdbid="2960_BRECHT"/>
			<city cdbid="2960_SINT-JOB-IN-T-GOOR"/>
			<city cdbid="2960_SINT-LENAERTS"/>
			<city cdbid="2970_S_GRAVENWEZEL"/>
			<city cdbid="2970_SCHILDE"/>
			<city cdbid="2980_HALLE"/>
			<city cdbid="2980_ZOERSEL"/>
			<city cdbid="2990_LOENHOUT"/>
			<city cdbid="2990_WUUSTWEZEL"/>
		</region>
		<region type="provincie" label="Limburg">
			<city cdbid="3500_HASSELT"/>
			<city cdbid="3500_SINT-LAMBRECHTS-HERK"/>
			<city cdbid="3501_WIMMERTINGEN"/>
			<city cdbid="3510_KERMT"/>
			<city cdbid="3510_SPALBEEK"/>
			<city cdbid="3511_KURINGEN"/>
			<city cdbid="3511_STOKROOIE"/>
			<city cdbid="3512_STEVOORT"/>
			<city cdbid="3520_ZONHOVEN"/>
			<city cdbid="3530_HELCHTEREN"/>
			<city cdbid="3530_HOUTHALEN"/>
			<city cdbid="3530_HOUTHALEN-HELCHTEREN"/>
			<city cdbid="3540_BERBROEK"/>
			<city cdbid="3540_DONK"/>
			<city cdbid="3540_HERK-DE-STAD"/>
			<city cdbid="3540_SCHULEN"/>
			<city cdbid="3545_HALEN"/>
			<city cdbid="3545_LOKSBERGEN"/>
			<city cdbid="3545_ZELEM"/>
			<city cdbid="3550_HEUSDEN"/>
			<city cdbid="3550_HEUSDEN-ZOLDER"/>
			<city cdbid="3550_ZOLDER"/>
			<city cdbid="3560_LINKHOUT"/>
			<city cdbid="3560_LUMMEN"/>
			<city cdbid="3560_MELDERT"/>
			<city cdbid="3570_ALKEN"/>
			<city cdbid="3580_BERINGEN"/>
			<city cdbid="3581_BEVERLO"/>
			<city cdbid="3582_KOERSEL"/>
			<city cdbid="3583_PAAL"/>
			<city cdbid="3590_DIEPENBEEK"/>
			<city cdbid="3600_GENK"/>
			<city cdbid="3620_GELLIK"/>
			<city cdbid="3620_LANAKEN"/>
			<city cdbid="3620_NEERHAREN"/>
			<city cdbid="3620_VELDWEZELT"/>
			<city cdbid="3621_REKEM"/>
			<city cdbid="3630_EISDEN"/>
			<city cdbid="3630_LEUT"/>
			<city cdbid="3630_MAASMECHELEN"/>
			<city cdbid="3630_MECHELEN-AAN-DE-MAAS"/>
			<city cdbid="3630_MEESWIJK"/>
			<city cdbid="3630_OPGRIMBIE"/>
			<city cdbid="3630_VUCHT"/>
			<city cdbid="3631_BOORSEM"/>
			<city cdbid="3631_UIKHOVEN"/>
			<city cdbid="3640_KESSENICH"/>
			<city cdbid="3640_KINROOI"/>
			<city cdbid="3640_MOLENBEERSEL"/>
			<city cdbid="3640_OPHOVEN"/>
			<city cdbid="3650_DILSEN"/>
			<city cdbid="3650_ELEN"/>
			<city cdbid="3650_LANKLAAR"/>
			<city cdbid="3650_ROTEM"/>
			<city cdbid="3650_DILSEN-STOKKEM"/>
			<city cdbid="3660_OPGLABBEEK"/>
			<city cdbid="3665_AS"/>
			<city cdbid="3668_NIEL-BIJ-AS"/>
			<city cdbid="3670_ELLIKOM"/>
			<city cdbid="3670_GRUITRODE"/>
			<city cdbid="3670_MEEUWEN"/>
			<city cdbid="3670_MEEUWEN-GRUITRODE"/>
			<city cdbid="3670_NEERGLABBEEK"/>
			<city cdbid="3670_WIJSHAGEN"/>
			<city cdbid="3680_MAASEIK"/>
			<city cdbid="3680_NEEROETEREN"/>
			<city cdbid="3680_OPOETEREN"/>
			<city cdbid="3690_ZUTENDAAL"/>
			<city cdbid="3700_S_HERENELDEREN"/>
			<city cdbid="3700_BERG"/>
			<city cdbid="3700_DIETS-HEUR"/>
			<city cdbid="3700_HAREN"/>
			<city cdbid="3700_HENIS"/>
			<city cdbid="3700_KOLMONT"/>
			<city cdbid="3700_KONINKSEM"/>
			<city cdbid="3700_LAUW"/>
			<city cdbid="3700_MAL"/>
			<city cdbid="3700_NEERREPEN"/>
			<city cdbid="3700_NEREM"/>
			<city cdbid="3700_OVERREPEN"/>
			<city cdbid="3700_PIRINGEN"/>
			<city cdbid="3700_RIKSINGEN"/>
			<city cdbid="3700_RUTTEN"/>
			<city cdbid="3700_SLUIZEN"/>
			<city cdbid="3700_TONGEREN"/>
			<city cdbid="3700_VREREN"/>
			<city cdbid="3700_WIDOOIE"/>
			<city cdbid="3717_HERSTAPPE"/>
			<city cdbid="3720_KORTESSEM"/>
			<city cdbid="3721_VLIERMAALROOT"/>
			<city cdbid="3722_WINTERSHOVEN"/>
			<city cdbid="3723_GUIGOVEN"/>
			<city cdbid="3724_VLIERMAAL"/>
			<city cdbid="3730_HOESELT"/>
			<city cdbid="3730_ROMERSHOVEN"/>
			<city cdbid="3730_SINT-HUIBRECHTS-HERN"/>
			<city cdbid="3730_WERM"/>
			<city cdbid="3732_SCHALKHOVEN"/>
			<city cdbid="3740_BEVERST"/>
			<city cdbid="3740_BILZEN"/>
			<city cdbid="3740_EIGENBILZEN"/>
			<city cdbid="3740_GROTE-SPOUWEN"/>
			<city cdbid="3740_HEES"/>
			<city cdbid="3740_KLEINE-SPOUWEN"/>
			<city cdbid="3740_MOPERTINGEN"/>
			<city cdbid="3740_MUNSTERBILZEN"/>
			<city cdbid="3740_RIJKHOVEN"/>
			<city cdbid="3740_ROSMEER"/>
			<city cdbid="3740_WALTWILDER"/>
			<city cdbid="3742_MARTENSLINDE"/>
			<city cdbid="3746_HOELBEEK"/>
			<city cdbid="3770_GENOELSELDEREN"/>
			<city cdbid="3770_HERDEREN"/>
			<city cdbid="3770_KANNE"/>
			<city cdbid="3770_MEMBRUGGEN"/>
			<city cdbid="3770_MILLEN"/>
			<city cdbid="3770_RIEMST"/>
			<city cdbid="3770_VAL-MEER"/>
			<city cdbid="3770_VLIJTINGEN"/>
			<city cdbid="3770_VROENHOVEN"/>
			<city cdbid="3770_ZICHEN-ZUSSEN-BOLDER"/>
			<city cdbid="3790_FOURON-SAINT-MARTIN"/>
			<city cdbid="3790_FOURONS"/>
			<city cdbid="3790_MOELINGEN"/>
			<city cdbid="3790_MOULAND"/>
			<city cdbid="3790_SINT-MARTENS-VOEREN"/>
			<city cdbid="3790_VOEREN"/>
			<city cdbid="3791_REMERSDAAL"/>
			<city cdbid="3792_FOURON-SAINT-PIERRE"/>
			<city cdbid="3792_SINT-PIETERS-VOEREN"/>
			<city cdbid="3793_TEUVEN"/>
			<city cdbid="3798_S_GRAVENVOEREN"/>
			<city cdbid="3798_FOURON-LE-COMTE"/>
			<city cdbid="3800_AALST"/>
			<city cdbid="3800_BRUSTEM"/>
			<city cdbid="3800_ENGELMANSHOVEN"/>
			<city cdbid="3800_GELINDEN"/>
			<city cdbid="3800_GROOT-GELMEN"/>
			<city cdbid="3800_HALMAAL"/>
			<city cdbid="3800_KERKOM-BIJ-SINT-TRUIDEN"/>
			<city cdbid="3800_ORDINGEN"/>
			<city cdbid="3800_SINT-TRUIDEN"/>
			<city cdbid="3800_ZEPPEREN"/>
			<city cdbid="3803_DURAS"/>
			<city cdbid="3803_GORSEM"/>
			<city cdbid="3803_RUNKELEN"/>
			<city cdbid="3803_WILDEREN"/>
			<city cdbid="3806_VELM"/>
			<city cdbid="3830_BERLINGEN"/>
			<city cdbid="3830_WELLEN"/>
			<city cdbid="3831_HERTEN"/>
			<city cdbid="3832_ULBEEK"/>
			<city cdbid="3840_BOMMERSHOVEN"/>
			<city cdbid="3840_BORGLOON"/>
			<city cdbid="3840_BROEKOM"/>
			<city cdbid="3840_GORS-OPLEEUW"/>
			<city cdbid="3840_GOTEM"/>
			<city cdbid="3840_GROOT-LOON"/>
			<city cdbid="3840_HAREN"/>
			<city cdbid="3840_HENDRIEKEN"/>
			<city cdbid="3840_HOEPERTINGEN"/>
			<city cdbid="3840_JESSEREN"/>
			<city cdbid="3840_KERNIEL"/>
			<city cdbid="3840_KOLMONT"/>
			<city cdbid="3840_KUTTEKOVEN"/>
			<city cdbid="3840_RIJKEL"/>
			<city cdbid="3840_VOORT"/>
			<city cdbid="3850_BINDERVELD"/>
			<city cdbid="3850_KOZEN"/>
			<city cdbid="3850_NIEUWERKERKEN"/>
			<city cdbid="3850_WIJER"/>
			<city cdbid="3870_BATSHEERS"/>
			<city cdbid="3870_BOVELINGEN"/>
			<city cdbid="3870_GUTSCHOVEN"/>
			<city cdbid="3870_HEERS"/>
			<city cdbid="3870_HEKS"/>
			<city cdbid="3870_HORPMAAL"/>
			<city cdbid="3870_KLEIN-GELMEN"/>
			<city cdbid="3870_MECHELEN-BOVELINGEN"/>
			<city cdbid="3870_METTEKOVEN"/>
			<city cdbid="3870_OPHEERS"/>
			<city cdbid="3870_RUKKELINGEN-LOON"/>
			<city cdbid="3870_VECHMAAL"/>
			<city cdbid="3870_VEULEN"/>
			<city cdbid="3890_BOEKHOUT"/>
			<city cdbid="3890_GINGELOM"/>
			<city cdbid="3890_JEUK"/>
			<city cdbid="3890_KORTIJS"/>
			<city cdbid="3890_MONTENAKEN"/>
			<city cdbid="3890_NIEL-BIJ-SINT-TRUIDEN"/>
			<city cdbid="3890_VORSEN"/>
			<city cdbid="3891_BORLO"/>
			<city cdbid="3891_BUVINGEN"/>
			<city cdbid="3891_MIELEN-BOVEN-AALST"/>
			<city cdbid="3891_MUIZEN"/>
			<city cdbid="3900_OVERPELT"/>
			<city cdbid="3910_NEERPELT"/>
			<city cdbid="3910_SINT-HUIBRECHTS-LILLE"/>
			<city cdbid="3920_LOMMEL"/>
			<city cdbid="3930_ACHEL"/>
			<city cdbid="3930_HAMONT"/>
			<city cdbid="3930_HAMONT-ACHEL"/>
			<city cdbid="3940_HECHTEL-EKSEL"/>
			<city cdbid="3941_EKSEL"/>
			<city cdbid="3945_HAM"/>
			<city cdbid="3945_KWAADMECHELEN"/>
			<city cdbid="3945_OOSTHAM"/>
			<city cdbid="3950_BOCHOLT"/>
			<city cdbid="3950_KAULILLE"/>
			<city cdbid="3950_REPPEL"/>
			<city cdbid="3960_BEEK"/>
			<city cdbid="3960_BREE"/>
			<city cdbid="3960_GERDINGEN"/>
			<city cdbid="3960_OPITTER"/>
			<city cdbid="3960_TONGERLO"/>
			<city cdbid="3970_LEOPOLDSBURG"/>
			<city cdbid="3971_HEPPEN"/>
			<city cdbid="3980_TESSENDERLO"/>
			<city cdbid="3990_GROTE-BROGEL"/>
			<city cdbid="3990_KLEINE-BROGEL"/>
			<city cdbid="3990_PEER"/>
			<city cdbid="3990_WIJCHMAAL"/>
		</region>
		<region type="provincie" label="West-Vlaanderen">
			<city cdbid="8000_BRUGGE"/>
			<city cdbid="8000_KOOLKERKE"/>
			<city cdbid="8020_HERTSBERGE"/>
			<city cdbid="8020_OOSTKAMP"/>
			<city cdbid="8020_RUDDERVOORDE"/>
			<city cdbid="8020_WAARDAMME"/>
			<city cdbid="8200_BRUGGE_2"/>
			<city cdbid="8200_SINT-ANDRIES"/>
			<city cdbid="8200_SINT-MICHIELS"/>
			<city cdbid="8210_LOPPEM"/>
			<city cdbid="8210_VELDEGEM"/>
			<city cdbid="8210_ZEDELGEM"/>
			<city cdbid="8211_AARTRIJKE"/>
			<city cdbid="8300_KNOKKE"/>
			<city cdbid="8300_KNOKKE-HEIST"/>
			<city cdbid="8300_WESTKAPELLE"/>
			<city cdbid="8301_HEIST-AAN-ZEE"/>
			<city cdbid="8301_RAMSKAPELLE"/>
			<city cdbid="8310_ASSEBROEK"/>
			<city cdbid="8310_SINT-KRUIS"/>
			<city cdbid="8340_DAMME"/>
			<city cdbid="8340_HOEKE"/>
			<city cdbid="8340_LAPSCHEURE"/>
			<city cdbid="8340_MOERKERKE"/>
			<city cdbid="8340_OOSTKERKE"/>
			<city cdbid="8340_SIJSELE"/>
			<city cdbid="8370_BLANKENBERGE"/>
			<city cdbid="8370_UITKERKE"/>
			<city cdbid="8377_HOUTAVE"/>
			<city cdbid="8377_MEETKERKE"/>
			<city cdbid="8377_NIEUWMUNSTER"/>
			<city cdbid="8377_ZUIENKERKE"/>
			<city cdbid="8380_DUDZELE"/>
			<city cdbid="8380_LISSEWEGE"/>
			<city cdbid="8380_ZEEBRUGGE"/>
			<city cdbid="8400_OOSTENDE"/>
			<city cdbid="8400_STENE"/>
			<city cdbid="8400_ZANDVOORDE"/>
			<city cdbid="8420_DE_HAAN"/>
			<city cdbid="8420_KLEMSKERKE"/>
			<city cdbid="8420_WENDUINE"/>
			<city cdbid="8421_VLISSEGEM"/>
			<city cdbid="8430_MIDDELKERKE"/>
			<city cdbid="8431_WILSKERKE"/>
			<city cdbid="8432_LEFFINGE"/>
			<city cdbid="8433_MANNEKENSVERE"/>
			<city cdbid="8433_SCHORE"/>
			<city cdbid="8433_SLIJPE"/>
			<city cdbid="8433_ST-PIETERS-KAPELLE"/>
			<city cdbid="8434_LOMBARDSIJDE"/>
			<city cdbid="8434_WESTENDE"/>
			<city cdbid="8450_BREDENE"/>
			<city cdbid="8460_ETTELGEM"/>
			<city cdbid="8460_OUDENBURG"/>
			<city cdbid="8460_ROKSEM"/>
			<city cdbid="8460_WESTKERKE"/>
			<city cdbid="8470_GISTEL"/>
			<city cdbid="8470_MOERE"/>
			<city cdbid="8470_SNAASKERKE"/>
			<city cdbid="8470_ZEVEKOTE"/>
			<city cdbid="8480_BEKEGEM"/>
			<city cdbid="8480_EERNEGEM"/>
			<city cdbid="8480_ICHTEGEM"/>
			<city cdbid="8490_JABBEKE"/>
			<city cdbid="8490_SNELLEGEM"/>
			<city cdbid="8490_STALHILLE"/>
			<city cdbid="8490_VARSENARE"/>
			<city cdbid="8490_ZERKEGEM"/>
			<city cdbid="8500_KORTRIJK"/>
			<city cdbid="8501_BISSEGEM"/>
			<city cdbid="8501_HEULE"/>
			<city cdbid="8510_BELLEGEM"/>
			<city cdbid="8510_KOOIGEM"/>
			<city cdbid="8510_MARKE"/>
			<city cdbid="8510_ROLLEGEM"/>
			<city cdbid="8511_AALBEKE"/>
			<city cdbid="8520_KUURNE"/>
			<city cdbid="8530_HARELBEKE"/>
			<city cdbid="8531_BAVIKHOVE"/>
			<city cdbid="8531_HULSTE"/>
			<city cdbid="8540_DEERLIJK"/>
			<city cdbid="8550_ZWEVEGEM"/>
			<city cdbid="8551_HEESTERT"/>
			<city cdbid="8552_MOEN"/>
			<city cdbid="8553_OTEGEM"/>
			<city cdbid="8554_SINT-DENIJS"/>
			<city cdbid="8560_GULLEGEM"/>
			<city cdbid="8560_MOORSELE"/>
			<city cdbid="8560_WEVELGEM"/>
			<city cdbid="8570_ANZEGEM"/>
			<city cdbid="8570_GIJZELBRECHTEGEM"/>
			<city cdbid="8570_INGOOIGEM"/>
			<city cdbid="8570_VICHTE"/>
			<city cdbid="8572_KASTER"/>
			<city cdbid="8573_TIEGEM"/>
			<city cdbid="8580_AVELGEM"/>
			<city cdbid="8581_KERKHOVE"/>
			<city cdbid="8581_WAARMAARDE"/>
			<city cdbid="8582_OUTRIJVE"/>
			<city cdbid="8583_BOSSUIT"/>
			<city cdbid="8587_ESPIERRES"/>
			<city cdbid="8587_ESPIERRES-HELCHIN"/>
			<city cdbid="8587_HELCHIN"/>
			<city cdbid="8587_HELKIJN"/>
			<city cdbid="8587_SPIERE"/>
			<city cdbid="8587_SPIERE-HELKIJN"/>
			<city cdbid="8600_BEERST"/>
			<city cdbid="8600_DIKSMUIDE"/>
			<city cdbid="8600_DRIEKAPELLEN"/>
			<city cdbid="8600_ESEN"/>
			<city cdbid="8600_KAASKERKE"/>
			<city cdbid="8600_KEIEM"/>
			<city cdbid="8600_LAMPERNISSE"/>
			<city cdbid="8600_LEKE"/>
			<city cdbid="8600_NIEUWKAPELLE"/>
			<city cdbid="8600_OOSTKERKE"/>
			<city cdbid="8600_OUDEKAPELLE"/>
			<city cdbid="8600_PERVIJZE"/>
			<city cdbid="8600_SINT-JACOBS-KAPELLE"/>
			<city cdbid="8600_STUIVEKENSKERKE"/>
			<city cdbid="8600_VLADSLO"/>
			<city cdbid="8600_WOUMEN"/>
			<city cdbid="8610_HANDZAME"/>
			<city cdbid="8610_KORTEMARK"/>
			<city cdbid="8610_WERKEN"/>
			<city cdbid="8610_ZARREN"/>
			<city cdbid="8620_NIEUWPOORT"/>
			<city cdbid="8620_RAMSKAPELLE"/>
			<city cdbid="8620_SINT-JORIS"/>
			<city cdbid="8630_AVEKAPELLE"/>
			<city cdbid="8630_BOOITSHOEKE"/>
			<city cdbid="8630_BULSKAMP"/>
			<city cdbid="8630_DE_MOEREN"/>
			<city cdbid="8630_EGGEWAARTSKAPELLE"/>
			<city cdbid="8630_HOUTEM"/>
			<city cdbid="8630_STEENKERKE"/>
			<city cdbid="8630_VEURNE"/>
			<city cdbid="8630_VINKEM"/>
			<city cdbid="8630_WULVERINGEM"/>
			<city cdbid="8630_ZOUTENAAIE"/>
			<city cdbid="8640_OOSTVLETEREN"/>
			<city cdbid="8640_VLETEREN"/>
			<city cdbid="8640_WESTVLETEREN"/>
			<city cdbid="8640_WOESTEN"/>
			<city cdbid="8647_LO"/>
			<city cdbid="8647_LO-RENINGE"/>
			<city cdbid="8647_NOORDSCHOTE"/>
			<city cdbid="8647_POLLINKHOVE"/>
			<city cdbid="8647_RENINGE"/>
			<city cdbid="8650_HOUTHULST"/>
			<city cdbid="8650_KLERKEN"/>
			<city cdbid="8650_MERKEM"/>
			<city cdbid="8660_ADINKERKE"/>
			<city cdbid="8660_DE_PANNE"/>
			<city cdbid="8670_KOKSIJDE"/>
			<city cdbid="8670_OOSTDUINKERKE"/>
			<city cdbid="8670_WULPEN"/>
			<city cdbid="8680_BOVEKERKE"/>
			<city cdbid="8680_KOEKELARE"/>
			<city cdbid="8680_ZANDE"/>
			<city cdbid="8690_ALVERINGEM"/>
			<city cdbid="8690_HOOGSTADE"/>
			<city cdbid="8690_OEREN"/>
			<city cdbid="8690_SINT-RIJKERS"/>
			<city cdbid="8691_BEVEREN-AAN-DEN-IJZER"/>
			<city cdbid="8691_GIJVERINKHOVE"/>
			<city cdbid="8691_IZENBERGE"/>
			<city cdbid="8691_LEISELE"/>
			<city cdbid="8691_STAVELE"/>
			<city cdbid="8700_AARSELE"/>
			<city cdbid="8700_KANEGEM"/>
			<city cdbid="8700_SCHUIFERSKAPELLE"/>
			<city cdbid="8700_TIELT"/>
			<city cdbid="8710_OOIGEM"/>
			<city cdbid="8710_SINT-BAAFS-VIJVE"/>
			<city cdbid="8710_WIELSBEKE"/>
			<city cdbid="8720_DENTERGEM"/>
			<city cdbid="8720_MARKEGEM"/>
			<city cdbid="8720_OESELGEM"/>
			<city cdbid="8720_WAKKEN"/>
			<city cdbid="8730_BEERNEM"/>
			<city cdbid="8730_OEDELEM"/>
			<city cdbid="8730_SINT-JORIS"/>
			<city cdbid="8740_EGEM"/>
			<city cdbid="8740_PITTEM"/>
			<city cdbid="8750_WINGENE"/>
			<city cdbid="8750_ZWEVEZELE"/>
			<city cdbid="8755_RUISELEDE"/>
			<city cdbid="8760_MEULEBEKE"/>
			<city cdbid="8770_INGELMUNSTER"/>
			<city cdbid="8780_OOSTROZEBEKE"/>
			<city cdbid="8790_WAREGEM"/>
			<city cdbid="8791_BEVEREN"/>
			<city cdbid="8792_DESSELGEM"/>
			<city cdbid="8793_SINT-ELOOIS-VIJVE"/>
			<city cdbid="8800_BEVEREN"/>
			<city cdbid="8800_OEKENE"/>
			<city cdbid="8800_ROESELARE"/>
			<city cdbid="8800_RUMBEKE"/>
			<city cdbid="8810_LICHTERVELDE"/>
			<city cdbid="8820_TORHOUT"/>
			<city cdbid="8830_GITS"/>
			<city cdbid="8830_HOOGLEDE"/>
			<city cdbid="8840_OOSTNIEUWKERKE"/>
			<city cdbid="8840_STADEN"/>
			<city cdbid="8840_WESTROZEBEKE"/>
			<city cdbid="8850_ARDOOIE"/>
			<city cdbid="8851_KOOLSKAMP"/>
			<city cdbid="8860_LENDELEDE"/>
			<city cdbid="8870_EMELGEM"/>
			<city cdbid="8870_IZEGEM"/>
			<city cdbid="8870_KACHTEM"/>
			<city cdbid="8880_LEDEGEM"/>
			<city cdbid="8880_ROLLEGEM-KAPELLE"/>
			<city cdbid="8880_SINT-ELOOIS-WINKEL"/>
			<city cdbid="8890_DADIZELE"/>
			<city cdbid="8890_MOORSLEDE"/>
			<city cdbid="8900_BRIELEN"/>
			<city cdbid="8900_DIKKEBUS"/>
			<city cdbid="8900_IEPER"/>
			<city cdbid="8900_SINT-JAN"/>
			<city cdbid="8902_HOLLEBEKE"/>
			<city cdbid="8902_VOORMEZELE"/>
			<city cdbid="8902_ZILLEBEKE"/>
			<city cdbid="8904_BOEZINGE"/>
			<city cdbid="8904_ZUIDSCHOTE"/>
			<city cdbid="8906_ELVERDINGE"/>
			<city cdbid="8908_VLAMERTINGE"/>
			<city cdbid="8920_BIKSCHOTE"/>
			<city cdbid="8920_LANGEMARK"/>
			<city cdbid="8920_LANGEMARK-POELKAPELLE"/>
			<city cdbid="8920_POELKAPELLE"/>
			<city cdbid="8930_LAUWE"/>
			<city cdbid="8930_MENEN"/>
			<city cdbid="8930_REKKEM"/>
			<city cdbid="8940_GELUWE"/>
			<city cdbid="8940_WERVIK"/>
			<city cdbid="8950_HEUVELLAND"/>
			<city cdbid="8950_NIEUWKERKE"/>
			<city cdbid="8951_DRANOUTER"/>
			<city cdbid="8952_WULVERGEM"/>
			<city cdbid="8953_WIJTSCHATE"/>
			<city cdbid="8954_WESTOUTER"/>
			<city cdbid="8956_KEMMEL"/>
			<city cdbid="8957_MESEN"/>
			<city cdbid="8957_MESSINES"/>
			<city cdbid="8958_LOKER"/>
			<city cdbid="8970_POPERINGE"/>
			<city cdbid="8970_RENINGELST"/>
			<city cdbid="8972_KROMBEKE"/>
			<city cdbid="8972_PROVEN"/>
			<city cdbid="8972_ROESBRUGGE-HARINGE"/>
			<city cdbid="8978_WATOU"/>
			<city cdbid="8980_BESELARE"/>
			<city cdbid="8980_GELUVELD"/>
			<city cdbid="8980_PASSENDALE"/>
			<city cdbid="8980_ZANDVOORDE"/>
			<city cdbid="8980_ZONNEBEKE"/>
		</region>
		<region type="provincie" label="Oost-Vlaanderen">
			<city cdbid="9000_GENT"/>
			<city cdbid="9030_MARIAKERKE"/>
			<city cdbid="9031_DRONGEN"/>
			<city cdbid="9032_WONDELGEM"/>
			<city cdbid="9040_SINT-AMANDSBERG"/>
			<city cdbid="9041_OOSTAKKER"/>
			<city cdbid="9042_MENDONK"/>
			<city cdbid="9042_SINT-KRUIS-WINKEL"/>
			<city cdbid="9050_GENTBRUGGE"/>
			<city cdbid="9050_LEDEBERG"/>
			<city cdbid="9051_AFSNEE"/>
			<city cdbid="9051_SINT-DENIJS-WESTREM"/>
			<city cdbid="9052_ZWIJNAARDE"/>
			<city cdbid="9060_ZELZATE"/>
			<city cdbid="9070_DESTELBERGEN"/>
			<city cdbid="9070_HEUSDEN"/>
			<city cdbid="9080_BEERVELDE"/>
			<city cdbid="9080_LOCHRISTI"/>
			<city cdbid="9080_ZAFFELARE"/>
			<city cdbid="9080_ZEVENEKEN"/>
			<city cdbid="9090_GONTRODE"/>
			<city cdbid="9090_MELLE"/>
			<city cdbid="9100_NIEUWKERKEN-WAAS"/>
			<city cdbid="9100_SINT-NIKLAAS"/>
			<city cdbid="9111_BELSELE"/>
			<city cdbid="9112_SINAAI-WAAS"/>
			<city cdbid="9120_BEVEREN"/>
			<city cdbid="9120_HAASDONK"/>
			<city cdbid="9120_KALLO"/>
			<city cdbid="9120_MELSELE"/>
			<city cdbid="9120_VRASENE"/>
			<city cdbid="9130_DOEL"/>
			<city cdbid="9130_KALLO"/>
			<city cdbid="9130_KIELDRECHT"/>
			<city cdbid="9130_VERREBROEK"/>
			<city cdbid="9140_ELVERSELE"/>
			<city cdbid="9140_STEENDORP"/>
			<city cdbid="9140_TEMSE"/>
			<city cdbid="9140_TIELRODE"/>
			<city cdbid="9150_BAZEL"/>
			<city cdbid="9150_KRUIBEKE"/>
			<city cdbid="9150_RUPELMONDE"/>
			<city cdbid="9160_DAKNAM"/>
			<city cdbid="9160_EKSAARDE"/>
			<city cdbid="9160_LOKEREN"/>
			<city cdbid="9170_DE_KLINGE"/>
			<city cdbid="9170_MEERDONK"/>
			<city cdbid="9170_SINT-GILLIS-WAAS"/>
			<city cdbid="9170_SINT-PAUWELS"/>
			<city cdbid="9180_MOERBEKE-WAAS"/>
			<city cdbid="9185_WACHTEBEKE"/>
			<city cdbid="9190_KEMZEKE"/>
			<city cdbid="9190_STEKENE"/>
			<city cdbid="9200_APPELS"/>
			<city cdbid="9200_BAASRODE"/>
			<city cdbid="9200_DENDERMONDE"/>
			<city cdbid="9200_GREMBERGEN"/>
			<city cdbid="9200_MESPELARE"/>
			<city cdbid="9200_OUDEGEM"/>
			<city cdbid="9200_SCHOONAARDE"/>
			<city cdbid="9200_ST-GILLIS-BIJ-DENDERMONDE"/>
			<city cdbid="9220_HAMME"/>
			<city cdbid="9220_MOERZEKE"/>
			<city cdbid="9230_MASSEMEN"/>
			<city cdbid="9230_WESTREM"/>
			<city cdbid="9230_WETTEREN"/>
			<city cdbid="9240_ZELE"/>
			<city cdbid="9250_WAASMUNSTER"/>
			<city cdbid="9255_BUGGENHOUT"/>
			<city cdbid="9255_OPDORP"/>
			<city cdbid="9260_SCHELLEBELLE"/>
			<city cdbid="9260_SERSKAMP"/>
			<city cdbid="9260_WICHELEN"/>
			<city cdbid="9270_KALKEN"/>
			<city cdbid="9270_LAARNE"/>
			<city cdbid="9280_DENDERBELLE"/>
			<city cdbid="9280_LEBBEKE"/>
			<city cdbid="9280_WIEZE"/>
			<city cdbid="9290_BERLARE"/>
			<city cdbid="9290_OVERMERE"/>
			<city cdbid="9290_UITBERGEN"/>
			<city cdbid="9300_AALST"/>
			<city cdbid="9308_GIJZEGEM"/>
			<city cdbid="9308_HOFSTADE"/>
			<city cdbid="9310_BAARDEGEM"/>
			<city cdbid="9310_HERDERSEM"/>
			<city cdbid="9310_MELDERT"/>
			<city cdbid="9310_MOORSEL"/>
			<city cdbid="9320_EREMBODEGEM"/>
			<city cdbid="9320_NIEUWERKERKEN"/>
			<city cdbid="9340_IMPE"/>
			<city cdbid="9340_LEDE"/>
			<city cdbid="9340_OORDEGEM"/>
			<city cdbid="9340_SMETLEDE"/>
			<city cdbid="9340_WANZELE"/>
			<city cdbid="9400_APPELTERRE-EICHEM"/>
			<city cdbid="9400_DENDERWINDEKE"/>
			<city cdbid="9400_LIEFERINGE"/>
			<city cdbid="9400_NEDERHASSELT"/>
			<city cdbid="9400_NINOVE"/>
			<city cdbid="9400_OKEGEM"/>
			<city cdbid="9400_VOORDE"/>
			<city cdbid="9401_POLLARE"/>
			<city cdbid="9402_MEERBEKE"/>
			<city cdbid="9403_NEIGEM"/>
			<city cdbid="9404_ASPELARE"/>
			<city cdbid="9406_OUTER"/>
			<city cdbid="9420_AAIGEM"/>
			<city cdbid="9420_BAMBRUGGE"/>
			<city cdbid="9420_BURST"/>
			<city cdbid="9420_ERONDEGEM"/>
			<city cdbid="9420_ERPE"/>
			<city cdbid="9420_ERPE-MERE"/>
			<city cdbid="9420_MERE"/>
			<city cdbid="9420_OTTERGEM"/>
			<city cdbid="9420_VLEKKEM"/>
			<city cdbid="9450_DENDERHOUTEM"/>
			<city cdbid="9450_HAALTERT"/>
			<city cdbid="9450_HELDERGEM"/>
			<city cdbid="9451_KERKSKEN"/>
			<city cdbid="9470_DENDERLEEUW"/>
			<city cdbid="9472_IDDERGEM"/>
			<city cdbid="9473_WELLE"/>
			<city cdbid="9500_GERAARDSBERGEN"/>
			<city cdbid="9500_GOEFERDINGE"/>
			<city cdbid="9500_MOERBEKE"/>
			<city cdbid="9500_NEDERBOELARE"/>
			<city cdbid="9500_ONKERZELE"/>
			<city cdbid="9500_OPHASSELT"/>
			<city cdbid="9500_OVERBOELARE"/>
			<city cdbid="9500_VIANE"/>
			<city cdbid="9500_ZARLARDINGE"/>
			<city cdbid="9506_GRIMMINGE"/>
			<city cdbid="9506_IDEGEM"/>
			<city cdbid="9506_NIEUWENHOVE"/>
			<city cdbid="9506_SCHENDELBEKE"/>
			<city cdbid="9506_SMEEREBBE-VLOERZEGEM"/>
			<city cdbid="9506_WAARBEKE"/>
			<city cdbid="9506_ZANDBERGEN"/>
			<city cdbid="9520_BAVEGEM"/>
			<city cdbid="9520_SINT-LIEVENS-HOUTEM"/>
			<city cdbid="9520_VLIERZELE"/>
			<city cdbid="9520_ZONNEGEM"/>
			<city cdbid="9521_LETTERHOUTEM"/>
			<city cdbid="9550_HERZELE"/>
			<city cdbid="9550_HILLEGEM"/>
			<city cdbid="9550_SINT-ANTELINKS"/>
			<city cdbid="9550_SINT-LIEVENS-ESSE"/>
			<city cdbid="9550_STEENHUIZE-WIJNHUIZE"/>
			<city cdbid="9550_WOUBRECHTEGEM"/>
			<city cdbid="9551_RESSEGEM"/>
			<city cdbid="9552_BORSBEKE"/>
			<city cdbid="9570_DEFTINGE"/>
			<city cdbid="9570_LIERDE"/>
			<city cdbid="9570_SINT-MARIA-LIERDE"/>
			<city cdbid="9571_HEMELVEERDEGEM"/>
			<city cdbid="9572_SINT-MARTENS-LIERDE"/>
			<city cdbid="9600_RENAIX"/>
			<city cdbid="9600_RONSE"/>
			<city cdbid="9620_ELENE"/>
			<city cdbid="9620_ERWETEGEM"/>
			<city cdbid="9620_GODVEERDEGEM"/>
			<city cdbid="9620_GROTENBERGE"/>
			<city cdbid="9620_LEEUWERGEM"/>
			<city cdbid="9620_OOMBERGEN"/>
			<city cdbid="9620_SINT-GORIKS-OUDENHOVE"/>
			<city cdbid="9620_ST-MARIA-OUDENHOVE"/>
			<city cdbid="9620_STRIJPEN"/>
			<city cdbid="9620_VELZEKE-RUDDERSHOVE"/>
			<city cdbid="9620_ZOTTEGEM"/>
			<city cdbid="9630_BEERLEGEM"/>
			<city cdbid="9630_DIKKELE"/>
			<city cdbid="9630_HUNDELGEM"/>
			<city cdbid="9630_MEILEGEM"/>
			<city cdbid="9630_MUNKZWALM"/>
			<city cdbid="9630_PAULATEM"/>
			<city cdbid="9630_ROBORST"/>
			<city cdbid="9630_ROZEBEKE"/>
			<city cdbid="9630_SINT-BLASIUS-BOEKEL"/>
			<city cdbid="9630_SINT-DENIJS-BOEKEL"/>
			<city cdbid="9630_SINT-MARIA-LATEM"/>
			<city cdbid="9630_ZWALM"/>
			<city cdbid="9636_NEDERZWALM-HERMELGEM"/>
			<city cdbid="9660_BRAKEL"/>
			<city cdbid="9660_ELST"/>
			<city cdbid="9660_EVERBEEK"/>
			<city cdbid="9660_MICHELBEKE"/>
			<city cdbid="9660_NEDERBRAKEL"/>
			<city cdbid="9660_OPBRAKEL"/>
			<city cdbid="9660_ST-MARIA-OUDENHOVE"/>
			<city cdbid="9660_ZEGELSEM"/>
			<city cdbid="9661_PARIKE"/>
			<city cdbid="9667_HOREBEKE"/>
			<city cdbid="9667_SINT-KORNELIS-HOREBEKE"/>
			<city cdbid="9667_SINT-MARIA-HOREBEKE"/>
			<city cdbid="9680_ETIKHOVE"/>
			<city cdbid="9680_MAARKE-KERKEM"/>
			<city cdbid="9680_MAARKEDAL"/>
			<city cdbid="9681_NUKERKE"/>
			<city cdbid="9688_SCHORISSE"/>
			<city cdbid="9690_BERCHEM"/>
			<city cdbid="9690_KLUISBERGEN"/>
			<city cdbid="9690_KWAREMONT"/>
			<city cdbid="9690_RUIEN"/>
			<city cdbid="9690_ZULZEKE"/>
			<city cdbid="9700_BEVERE"/>
			<city cdbid="9700_EDELARE"/>
			<city cdbid="9700_EINE"/>
			<city cdbid="9700_ENAME"/>
			<city cdbid="9700_HEURNE"/>
			<city cdbid="9700_LEUPEGEM"/>
			<city cdbid="9700_MATER"/>
			<city cdbid="9700_MELDEN"/>
			<city cdbid="9700_MULLEM"/>
			<city cdbid="9700_NEDERENAME"/>
			<city cdbid="9700_OOIKE"/>
			<city cdbid="9700_OUDENAARDE"/>
			<city cdbid="9700_VOLKEGEM"/>
			<city cdbid="9700_WELDEN"/>
			<city cdbid="9750_HUISE"/>
			<city cdbid="9750_OUWEGEM"/>
			<city cdbid="9750_ZINGEM"/>
			<city cdbid="9770_KRUISHOUTEM"/>
			<city cdbid="9771_NOKERE"/>
			<city cdbid="9772_WANNEGEM-LEDE"/>
			<city cdbid="9790_ELSEGEM"/>
			<city cdbid="9790_MOREGEM"/>
			<city cdbid="9790_OOIKE"/>
			<city cdbid="9790_PETEGEM-AAN-DE-SCHELDE"/>
			<city cdbid="9790_WORTEGEM"/>
			<city cdbid="9790_WORTEGEM-PETEGEM"/>
			<city cdbid="9800_ASTENE"/>
			<city cdbid="9800_BACHTE-MARIA-LEERNE"/>
			<city cdbid="9800_DEINZE"/>
			<city cdbid="9800_GOTTEM"/>
			<city cdbid="9800_GRAMMENE"/>
			<city cdbid="9800_MEIGEM"/>
			<city cdbid="9800_PETEGEM-AAN-DE-LEIE"/>
			<city cdbid="9800_SINT-MARTENS-LEERNE"/>
			<city cdbid="9800_VINKT"/>
			<city cdbid="9800_WONTERGEM"/>
			<city cdbid="9800_ZEVEREN"/>
			<city cdbid="9810_EKE"/>
			<city cdbid="9810_NAZARETH"/>
			<city cdbid="9820_BOTTELARE"/>
			<city cdbid="9820_LEMBERGE"/>
			<city cdbid="9820_MELSEN"/>
			<city cdbid="9820_MERELBEKE"/>
			<city cdbid="9820_MUNTE"/>
			<city cdbid="9820_SCHELDERODE"/>
			<city cdbid="9830_SINT-MARTENS-LATEM"/>
			<city cdbid="9831_DEURLE"/>
			<city cdbid="9840_DE_PINTE"/>
			<city cdbid="9840_ZEVERGEM"/>
			<city cdbid="9850_HANSBEKE"/>
			<city cdbid="9850_LANDEGEM"/>
			<city cdbid="9850_MERENDREE"/>
			<city cdbid="9850_NEVELE"/>
			<city cdbid="9850_POESELE"/>
			<city cdbid="9850_VOSSELARE"/>
			<city cdbid="9860_BALEGEM"/>
			<city cdbid="9860_GIJZENZELE"/>
			<city cdbid="9860_LANDSKOUTER"/>
			<city cdbid="9860_MOORTSELE"/>
			<city cdbid="9860_OOSTERZELE"/>
			<city cdbid="9860_SCHELDEWINDEKE"/>
			<city cdbid="9870_MACHELEN"/>
			<city cdbid="9870_OLSENE"/>
			<city cdbid="9870_ZULTE"/>
			<city cdbid="9880_AALTER"/>
			<city cdbid="9880_LOTENHULLE"/>
			<city cdbid="9880_POEKE"/>
			<city cdbid="9881_BELLEM"/>
			<city cdbid="9890_ASPER"/>
			<city cdbid="9890_BAAIGEM"/>
			<city cdbid="9890_DIKKELVENNE"/>
			<city cdbid="9890_GAVERE"/>
			<city cdbid="9890_SEMMERZAKE"/>
			<city cdbid="9890_VURSTE"/>
			<city cdbid="9900_EEKLO"/>
			<city cdbid="9910_KNESSELARE"/>
			<city cdbid="9910_URSEL"/>
			<city cdbid="9920_LOVENDEGEM"/>
			<city cdbid="9921_VINDERHOUTE"/>
			<city cdbid="9930_ZOMERGEM"/>
			<city cdbid="9931_OOSTWINKEL"/>
			<city cdbid="9932_RONSELE"/>
			<city cdbid="9940_ERTVELDE"/>
			<city cdbid="9940_EVERGEM"/>
			<city cdbid="9940_KLUIZEN"/>
			<city cdbid="9940_SLEIDINGE"/>
			<city cdbid="9950_WAARSCHOOT"/>
			<city cdbid="9960_ASSENEDE"/>
			<city cdbid="9961_BOEKHOUTE"/>
			<city cdbid="9968_BASSEVELDE"/>
			<city cdbid="9968_OOSTEEKLO"/>
			<city cdbid="9970_KAPRIJKE"/>
			<city cdbid="9971_LEMBEKE"/>
			<city cdbid="9980_SINT-LAUREINS"/>
			<city cdbid="9981_SINT-MARGRIETE"/>
			<city cdbid="9982_SINT-JAN-IN-EREMO"/>
			<city cdbid="9988_WATERLAND-OUDEMAN"/>
			<city cdbid="9988_WATERVLIET"/>
			<city cdbid="9990_MALDEGEM"/>
			<city cdbid="9991_ADEGEM"/>
			<city cdbid="9992_MIDDELBURG"/>
		</region>
		<region type="cdbregio" label="Brussel">
			<city cdbid="1000_BRUSSEL"/>
			<city cdbid="1020_LAKEN"/>
			<city cdbid="1030_SCHAARBEEK"/>
			<city cdbid="1040_ETTERBEEK"/>
			<city cdbid="1050_ELSENE"/>
			<city cdbid="1060_SINT-GILLIS"/>
			<city cdbid="1070_ANDERLECHT"/>
			<city cdbid="1080_SINT-JANS-MOLENBEEK"/>
			<city cdbid="1081_KOEKELBERG"/>
			<city cdbid="1082_SINT-AGATHA-BERCHEM"/>
			<city cdbid="1083_GANSHOREN"/>
			<city cdbid="1090_JETTE"/>
			<city cdbid="1120_NEDER-OVER-HEEMBEEK"/>
			<city cdbid="1130_HAREN"/>
			<city cdbid="1140_EVERE"/>
			<city cdbid="1150_SINT-PIETERS-WOLUWE"/>
			<city cdbid="1160_OUDERGEM"/>
			<city cdbid="1170_WATERMAAL-BOSVOORDE"/>
			<city cdbid="1180_UKKEL"/>
			<city cdbid="1190_VORST"/>
			<city cdbid="1200_SINT-LAMBRECHTS-WOLUWE"/>
			<city cdbid="1210_SINT-JOOST-TEN-NODE"/>
		</region>
		<region type="cdbregio" label="Halle - Dilbeek">
			<city cdbid="1500_HALLE"/>
			<city cdbid="1501_BUIZINGEN"/>
			<city cdbid="1502_LEMBEEK"/>
			<city cdbid="1540_HERFELINGEN"/>
			<city cdbid="1541_HERNE"/>
			<city cdbid="1540_SINT-PIETERS-KAPELLE"/>
			<city cdbid="1547_BEVER"/>
			<city cdbid="1547_BIEVENE"/>
			<city cdbid="1560_HOEILAART"/>
			<city cdbid="1570_GALMAARDEN"/>
			<city cdbid="1570_TOLLEMBEEK"/>
			<city cdbid="1570_VOLLEZELE"/>
			<city cdbid="1600_OUDENAKEN"/>
			<city cdbid="1600_SINT-LAUREINS-BERCHEM"/>
			<city cdbid="1600_SINT-PIETERS-LEEUW"/>
			<city cdbid="1601_RUISBROEK"/>
			<city cdbid="1602_VLEZENBEEK"/>
			<city cdbid="1620_DROGENBOS"/>
			<city cdbid="1630_LINKEBEEK"/>
			<city cdbid="1640_SINT-GENESIUS-RODE"/>
			<city cdbid="1650_BEERSEL"/>
			<city cdbid="1651_LOT"/>
			<city cdbid="1652_ALSEMBERG"/>
			<city cdbid="1653_DWORP"/>
			<city cdbid="1654_HUIZINGEN"/>
			<city cdbid="1670_BOGAARDEN"/>
			<city cdbid="1670_HEIKRUIS"/>
			<city cdbid="1670_PEPINGEN"/>
			<city cdbid="1671_ELINGEN"/>
			<city cdbid="1673_BEERT"/>
			<city cdbid="1674_BELLINGEN"/>
			<city cdbid="1700_DILBEEK"/>
			<city cdbid="1700_SINT-MARTENS-BODEGEM"/>
			<city cdbid="1700_SINT-ULRIKS-KAPELLE"/>
			<city cdbid="1701_ITTERBEEK"/>
			<city cdbid="1702_GROOT-BIJGAARDEN"/>
			<city cdbid="1703_SCHEPDAAL"/>
			<city cdbid="1730_ASSE"/>
			<city cdbid="1730_BEKKERZEEL"/>
			<city cdbid="1730_KOBBEGEM"/>
			<city cdbid="1730_MOLLEM"/>
			<city cdbid="1731_RELEGEM"/>
			<city cdbid="1731_ZELLIK"/>
			<city cdbid="1740_TERNAT"/>
			<city cdbid="1741_WAMBEEK"/>
			<city cdbid="1742_SINT-KATHERINA-LOMBEEK"/>
			<city cdbid="1745_MAZENZELE"/>
			<city cdbid="1745_OPWIJK"/>
			<city cdbid="1750_GAASBEEK"/>
			<city cdbid="1750_LENNIK"/>
			<city cdbid="1750_SINT-KWINTENS-LENNIK"/>
			<city cdbid="1750_SINT-MARTENS-LENNIK"/>
			<city cdbid="1755_GOOIK"/>
			<city cdbid="1755_KESTER"/>
			<city cdbid="1755_LEERBEEK"/>
			<city cdbid="1755_OETINGEN"/>
			<city cdbid="1760_ONZE-LIEVE-VROUW-LOMBEEK"/>
			<city cdbid="1760_PAMEL"/>
			<city cdbid="1760_ROOSDAAL"/>
			<city cdbid="1760_STRIJTEM"/>
			<city cdbid="1761_BORCHTLOMBEEK"/>
			<city cdbid="1770_LIEDEKERKE"/>
			<city cdbid="1780_WEMMEL"/>
			<city cdbid="1785_BRUSSEGEM"/>
			<city cdbid="1785_HAMME"/>
			<city cdbid="1785_MERCHTEM"/>
			<city cdbid="1790_AFFLIGEM"/>
			<city cdbid="1790_ESSENE"/>
			<city cdbid="1790_HEKELGEM"/>
			<city cdbid="1790_TERALFENE"/>
			<city cdbid="1840_LONDERZEEL"/>
			<city cdbid="1840_MALDEREN"/>
			<city cdbid="1840_STEENHUFFEL"/>
			<city cdbid="3090_OVERIJSE"/>
		</region>
		<region type="cdbregio" label="Vilvoorde">
			<city cdbid="1800_PEUTIE"/>
			<city cdbid="1800_VILVOORDE"/>
			<city cdbid="1820_MELSBROEK"/>
			<city cdbid="1820_PERK"/>
			<city cdbid="1820_STEENOKKERZEEL"/>
			<city cdbid="1830_MACHELEN"/>
			<city cdbid="1831_DIEGEM"/>
			<city cdbid="1850_GRIMBERGEN"/>
			<city cdbid="1851_HUMBEEK"/>
			<city cdbid="1852_BEIGEM"/>
			<city cdbid="1853_STROMBEEK-BEVER"/>
			<city cdbid="1860_MEISE"/>
			<city cdbid="1861_WOLVERTEM"/>
			<city cdbid="1880_KAPELLE-OP-DEN-BOS"/>
			<city cdbid="1880_NIEUWENRODE"/>
			<city cdbid="1880_RAMSDONK"/>
			<city cdbid="1910_BERG"/>
			<city cdbid="1910_BUKEN"/>
			<city cdbid="1910_KAMPENHOUT"/>
			<city cdbid="1910_NEDEROKKERZEEL"/>
			<city cdbid="1930_NOSSEGEM"/>
			<city cdbid="1930_ZAVENTEM"/>
			<city cdbid="1932_SINT-STEVENS-WOLUWE"/>
			<city cdbid="1933_STERREBEEK"/>
			<city cdbid="1950_KRAAINEM"/>
			<city cdbid="1970_WEZEMBEEK-OPPEM"/>
			<city cdbid="1980_EPPEGEM"/>
			<city cdbid="1980_ZEMST"/>
			<city cdbid="1981_HOFSTADE"/>
			<city cdbid="1982_ELEWIJT"/>
			<city cdbid="1982_WEERDE"/>
		</region>
		<region type="cdbregio" label="Antwerpen">
			<city cdbid="2000_ANTWERPEN"/>
			<city cdbid="2018_ANTWERPEN_18"/>
			<city cdbid="2020_ANTWERPEN_2"/>
			<city cdbid="2030_ANTWERPEN_3"/>
			<city cdbid="2040_ANTWERPEN_4"/>
			<city cdbid="2040_BERENDRECHT"/>
			<city cdbid="2040_LILLO"/>
			<city cdbid="2040_ZANDVLIET"/>
			<city cdbid="2050_ANTWERPEN_5"/>
			<city cdbid="2060_ANTWERPEN_6"/>
			<city cdbid="2070_BURCHT"/>
			<city cdbid="2070_ZWIJNDRECHT"/>
			<city cdbid="2100_DEURNE"/>
			<city cdbid="2110_WIJNEGEM"/>
			<city cdbid="2140_BORGERHOUT"/>
			<city cdbid="2150_BORSBEEK"/>
			<city cdbid="2160_WOMMELGEM"/>
			<city cdbid="2170_MERKSEM"/>
			<city cdbid="2180_EKEREN"/>
			<city cdbid="2240_MASSENHOVEN"/>
			<city cdbid="2240_VIERSEL"/>
			<city cdbid="2240_ZANDHOVEN"/>
			<city cdbid="2242_PULDERBOS"/>
			<city cdbid="2243_PULLE"/>
			<city cdbid="2390_MALLE"/>
			<city cdbid="2390_OOSTMALLE"/>
			<city cdbid="2390_WESTMALLE"/>
			<city cdbid="2520_BROECHEM"/>
			<city cdbid="2520_EMBLEM"/>
			<city cdbid="2520_OELEGEM"/>
			<city cdbid="2520_RANST"/>
			<city cdbid="2530_BOECHOUT"/>
			<city cdbid="2531_VREMDE"/>
			<city cdbid="2540_HOVE"/>
			<city cdbid="2547_LINT"/>
			<city cdbid="2550_KONTICH"/>
			<city cdbid="2550_WAARLOOS"/>
			<city cdbid="2600_BERCHEM"/>
			<city cdbid="2610_WILRIJK"/>
			<city cdbid="2620_HEMIKSEM"/>
			<city cdbid="2627_SCHELLE"/>
			<city cdbid="2630_AARTSELAAR"/>
			<city cdbid="2640_MORTSEL"/>
			<city cdbid="2650_EDEGEM"/>
			<city cdbid="2660_HOBOKEN"/>
			<city cdbid="2840_REET"/>
			<city cdbid="2840_RUMST"/>
			<city cdbid="2840_TERHAGEN"/>
			<city cdbid="2845_NIEL"/>
			<city cdbid="2850_BOOM"/>
			<city cdbid="2900_SCHOTEN"/>
			<city cdbid="2910_ESSEN"/>
			<city cdbid="2920_KALMTHOUT"/>
			<city cdbid="2930_BRASSCHAAT"/>
			<city cdbid="2940_HOEVENEN"/>
			<city cdbid="2940_STABROEK"/>
			<city cdbid="2950_KAPELLEN"/>
			<city cdbid="2960_BRECHT"/>
			<city cdbid="2960_SINT-JOB-IN-T-GOOR"/>
			<city cdbid="2960_SINT-LENAERTS"/>
			<city cdbid="2970_S_GRAVENWEZEL"/>
			<city cdbid="2970_SCHILDE"/>
			<city cdbid="2980_HALLE"/>
			<city cdbid="2980_ZOERSEL"/>
			<city cdbid="2990_LOENHOUT"/>
			<city cdbid="2990_WUUSTWEZEL"/>
		</region>
		<region type="cdbregio" label="Turnhout - Geel">
			<city cdbid="2200_HERENTALS"/>
			<city cdbid="2200_MORKHOVEN"/>
			<city cdbid="2200_NOORDERWIJK"/>
			<city cdbid="2230_HERSELT"/>
			<city cdbid="2230_RAMSEL"/>
			<city cdbid="2235_HOUTVENNE"/>
			<city cdbid="2235_HULSHOUT"/>
			<city cdbid="2235_WESTMEERBEEK"/>
			<city cdbid="2250_OLEN"/>
			<city cdbid="2260_OEVEL"/>
			<city cdbid="2260_TONGERLO"/>
			<city cdbid="2260_WESTERLO"/>
			<city cdbid="2260_ZOERLE-PARWIJS"/>
			<city cdbid="2260_VOORTKAPEL"/>
			<city cdbid="2270_HERENTHOUT"/>
			<city cdbid="2275_GIERLE"/>
			<city cdbid="2275_LILLE"/>
			<city cdbid="2275_POEDERLEE"/>
			<city cdbid="2275_WECHELDERZANDE"/>
			<city cdbid="2280_GROBBENDONK"/>
			<city cdbid="2288_BOUWEL"/>
			<city cdbid="2290_VORSELAAR"/>
			<city cdbid="2300_TURNHOUT"/>
			<city cdbid="2310_RIJKEVORSEL"/>
			<city cdbid="2320_HOOGSTRATEN"/>
			<city cdbid="2321_MEER"/>
			<city cdbid="2322_MINDERHOUT"/>
			<city cdbid="2323_WORTEL"/>
			<city cdbid="2328_MEERLE"/>
			<city cdbid="2330_MERKSPLAS"/>
			<city cdbid="2340_BEERSE"/>
			<city cdbid="2340_VLIMMEREN"/>
			<city cdbid="2350_VOSSELAAR"/>
			<city cdbid="2360_OUD-TURNHOUT"/>
			<city cdbid="2370_ARENDONK"/>
			<city cdbid="2380_RAVELS"/>
			<city cdbid="2381_WEELDE"/>
			<city cdbid="2382_POPPEL"/>
			<city cdbid="2387_BAARLE-HERTOG"/>
			<city cdbid="2400_MOL"/>
			<city cdbid="2430_EINDHOUT"/>
			<city cdbid="2430_LAAKDAL"/>
			<city cdbid="2430_VORST"/>
			<city cdbid="2431_VARENDONK"/>
			<city cdbid="2431_VEERLE"/>
			<city cdbid="2440_GEEL"/>
			<city cdbid="2450_MEERHOUT"/>
			<city cdbid="2460_KASTERLEE"/>
			<city cdbid="2460_LICHTAART"/>
			<city cdbid="2460_TIELEN"/>
			<city cdbid="2470_RETIE"/>
			<city cdbid="2480_DESSEL"/>
			<city cdbid="2490_BALEN"/>
			<city cdbid="2491_OLMEN"/>
		</region>
		<region type="cdbregio" label="Lier - Heist-op-den-berg">
			<city cdbid="2220_HALLAAR"/>
			<city cdbid="2220_HEIST-OP-DEN-BERG"/>
			<city cdbid="2221_BOOISCHOT"/>
			<city cdbid="2222_ITEGEM"/>
			<city cdbid="2222_WIEKEVORST"/>
			<city cdbid="2223_SCHRIEK"/>
			<city cdbid="2500_KONINGSHOOIKT"/>
			<city cdbid="2500_LIER"/>
			<city cdbid="2560_BEVEL"/>
			<city cdbid="2560_KESSEL"/>
			<city cdbid="2560_NIJLEN"/>
			<city cdbid="2580_BEERZEL"/>
			<city cdbid="2580_PUTTE"/>
			<city cdbid="2590_BERLAAR"/>
			<city cdbid="2590_GESTEL"/>
		</region>
		<region type="cdbregio" label="Mechelen">
			<city cdbid="2570_DUFFEL"/>
			<city cdbid="2800_MECHELEN"/>
			<city cdbid="2800_WALEM"/>
			<city cdbid="2801_HEFFEN"/>
			<city cdbid="2811_HOMBEEK"/>
			<city cdbid="2811_LEEST"/>
			<city cdbid="2812_MUIZEN"/>
			<city cdbid="2820_BONHEIDEN"/>
			<city cdbid="2820_RIJMENAM"/>
			<city cdbid="2830_BLAASVELD"/>
			<city cdbid="2830_HEINDONK"/>
			<city cdbid="2830_TISSELT"/>
			<city cdbid="2830_WILLEBROEK"/>
			<city cdbid="2860_SINT-KATELIJNE-WAVER"/>
			<city cdbid="2861_ONZE-LIEVE-VROUW-WAVER"/>
			<city cdbid="2870_BREENDONK"/>
			<city cdbid="2870_LIEZELE"/>
			<city cdbid="2870_PUURS"/>
			<city cdbid="2870_RUISBROEK"/>
			<city cdbid="2880_BORNEM"/>
			<city cdbid="2880_HINGENE"/>
			<city cdbid="2880_MARIEKERKE"/>
			<city cdbid="2880_WEERT"/>
			<city cdbid="2890_LIPPELO"/>
			<city cdbid="2890_OPPUURS"/>
			<city cdbid="2890_SINT-AMANDS"/>
		</region>
		<region type="cdbregio" label="Leuven">
			<city cdbid="3000_LEUVEN"/>
			<city cdbid="3001_HEVERLEE"/>
			<city cdbid="3010_KESSEL-LO"/>
			<city cdbid="3012_WILSELE"/>
			<city cdbid="3018_WIJGMAAL"/>
			<city cdbid="3020_HERENT"/>
			<city cdbid="3020_VELTEM-BEISEM"/>
			<city cdbid="3020_WINKSELE"/>
			<city cdbid="3040_HULDENBERG"/>
			<city cdbid="3040_LOONBEEK"/>
			<city cdbid="3040_NEERIJSE"/>
			<city cdbid="3040_OTTENBURG"/>
			<city cdbid="3040_SINT-AGATHA-RODE"/>
			<city cdbid="3050_OUD-HEVERLEE"/>
			<city cdbid="3051_SINT-JORIS-WEERT"/>
			<city cdbid="3052_BLANDEN"/>
			<city cdbid="3053_HAASRODE"/>
			<city cdbid="3054_VAALBEEK"/>
			<city cdbid="3060_BERTEM"/>
			<city cdbid="3060_KORBEEK-DIJLE"/>
			<city cdbid="3061_LEEFDAAL"/>
			<city cdbid="3070_KORTENBERG"/>
			<city cdbid="3071_ERPS-KWERPS"/>
			<city cdbid="3078_EVERBERG"/>
			<city cdbid="3078_MEERBEEK"/>
			<city cdbid="3080_DUISBURG"/>
			<city cdbid="3080_TERVUREN"/>
			<city cdbid="3080_VOSSEM"/>
			<city cdbid="3090_OVERIJSE"/>
			<city cdbid="3110_ROTSELAAR"/>
			<city cdbid="3111_WEZEMAAL"/>
			<city cdbid="3118_WERCHTER"/>
			<city cdbid="3120_TREMELO"/>
			<city cdbid="3128_BAAL"/>
			<city cdbid="3130_BEGIJNENDIJK"/>
			<city cdbid="3130_BETEKOM"/>
			<city cdbid="3140_KEERBERGEN"/>
			<city cdbid="3150_HAACHT"/>
			<city cdbid="3150_TILDONK"/>
			<city cdbid="3150_WESPELAAR"/>
			<city cdbid="3190_BOORTMEERBEEK"/>
			<city cdbid="3191_HEVER"/>
			<city cdbid="3210_LINDEN"/>
			<city cdbid="3210_LUBBEEK"/>
			<city cdbid="3211_BINKOM"/>
			<city cdbid="3212_PELLENBERG"/>
			<city cdbid="3220_HOLSBEEK"/>
			<city cdbid="3220_SINT-PIETERS-RODE"/>
			<city cdbid="3221_NIEUWRODE"/>
			<city cdbid="3320_HOEGAARDEN"/>
			<city cdbid="3320_MELDERT"/>
			<city cdbid="3321_OUTGAARDEN"/>
			<city cdbid="3360_BIERBEEK"/>
			<city cdbid="3360_KORBEEK-LO"/>
			<city cdbid="3360_LOVENJOEL"/>
			<city cdbid="3360_OPVELP"/>
			<city cdbid="3370_BOUTERSEM"/>
			<city cdbid="3370_KERKOM"/>
			<city cdbid="3370_NEERVELP"/>
			<city cdbid="3370_ROOSBEEK"/>
			<city cdbid="3370_VERTRIJK"/>
			<city cdbid="3370_WILLEBRINGEN"/>
		</region>
		<region type="cdbregio" label="Diest - Aarschot - Tienen">
			<city cdbid="3130_BEGIJNENDIJK"/>
			<city cdbid="3130_BETEKOM"/>
			<city cdbid="3200_AARSCHOT"/>
			<city cdbid="3200_GELRODE"/>
			<city cdbid="3201_LANGDORP"/>
			<city cdbid="3202_RILLAAR"/>
			<city cdbid="3270_SCHERPENHEUVEL"/>
			<city cdbid="3271_AVERBODE"/>
			<city cdbid="3271_ZICHEM"/>
			<city cdbid="3272_MESSELBROEK"/>
			<city cdbid="3272_TESTELT"/>
			<city cdbid="3290_DEURNE"/>
			<city cdbid="3290_DIEST"/>
			<city cdbid="3290_SCHAFFEN"/>
			<city cdbid="3290_WEBBEKOM"/>
			<city cdbid="3293_KAGGEVINNE"/>
			<city cdbid="3294_MOLENSTEDE"/>
			<city cdbid="3300_BOST"/>
			<city cdbid="3300_GOETSENHOVEN"/>
			<city cdbid="3300_HAKENDOVER"/>
			<city cdbid="3300_KUMTICH"/>
			<city cdbid="3300_OORBEEK"/>
			<city cdbid="3300_OPLINTER"/>
			<city cdbid="3300_ST-MARGRIETE-HOUTEM"/>
			<city cdbid="3300_TIENEN"/>
			<city cdbid="3300_VISSENAKEN"/>
			<city cdbid="3320_HOEGAARDEN"/>
			<city cdbid="3320_MELDERT"/>
			<city cdbid="3321_OUTGAARDEN"/>
			<city cdbid="3350_DRIESLINTER"/>
			<city cdbid="3350_LINTER"/>
			<city cdbid="3350_MELKWEZER"/>
			<city cdbid="3350_NEERHESPEN"/>
			<city cdbid="3350_NEERLINTER"/>
			<city cdbid="3350_ORSMAAL-GUSSENHOVEN"/>
			<city cdbid="3350_OVERHESPEN"/>
			<city cdbid="3350_WOMMERSOM"/>
			<city cdbid="3380_BUNSBEEK"/>
			<city cdbid="3380_GLABBEEK"/>
			<city cdbid="3381_KAPELLEN"/>
			<city cdbid="3384_ATTENRODE"/>
			<city cdbid="3390_HOUWAART"/>
			<city cdbid="3390_SINT-JORIS-WINGE"/>
			<city cdbid="3390_TIELT"/>
			<city cdbid="3391_MEENSEL-KIEZEGEM"/>
			<city cdbid="3400_ELIKSEM"/>
			<city cdbid="3400_EZEMAAL"/>
			<city cdbid="3400_LAAR"/>
			<city cdbid="3400_LANDEN"/>
			<city cdbid="3400_NEERWINDEN"/>
			<city cdbid="3400_OVERWINDEN"/>
			<city cdbid="3400_RUMSDORP"/>
			<city cdbid="3400_WANGE"/>
			<city cdbid="3401_WAASMONT"/>
			<city cdbid="3401_WALSBETS"/>
			<city cdbid="3401_WALSHOUTEM"/>
			<city cdbid="3401_WEZEREN"/>
			<city cdbid="3404_ATTENHOVEN"/>
			<city cdbid="3404_NEERLANDEN"/>
			<city cdbid="3440_BUDINGEN"/>
			<city cdbid="3440_DORMAAL"/>
			<city cdbid="3440_HALLE-BOOIENHOVEN"/>
			<city cdbid="3440_HELEN-BOS"/>
			<city cdbid="3440_ZOUTLEEUW"/>
			<city cdbid="3450_GEETBETS"/>
			<city cdbid="3450_GRAZEN"/>
			<city cdbid="3454_RUMMEN"/>
			<city cdbid="3460_ASSENT"/>
			<city cdbid="3460_BEKKEVOORT"/>
			<city cdbid="3461_MOLENBEEK-WERSBEEK"/>
			<city cdbid="3470_KORTENAKEN"/>
			<city cdbid="3470_RANSBERG"/>
			<city cdbid="3470_ST-MARGRIETE"/>
			<city cdbid="3471_HOELEDEN"/>
			<city cdbid="3472_KERSBEEK-MISKOM"/>
			<city cdbid="3473_WAANRODE"/>
		</region>
		<region type="cdbregio" label="Hasselt - Genk">
			<city cdbid="3500_HASSELT"/>
			<city cdbid="3500_SINT-LAMBRECHTS-HERK"/>
			<city cdbid="3501_WIMMERTINGEN"/>
			<city cdbid="3510_KERMT"/>
			<city cdbid="3510_SPALBEEK"/>
			<city cdbid="3511_KURINGEN"/>
			<city cdbid="3511_STOKROOIE"/>
			<city cdbid="3512_STEVOORT"/>
			<city cdbid="3520_ZONHOVEN"/>
			<city cdbid="3540_BERBROEK"/>
			<city cdbid="3540_DONK"/>
			<city cdbid="3540_HERK-DE-STAD"/>
			<city cdbid="3540_SCHULEN"/>
			<city cdbid="3545_HALEN"/>
			<city cdbid="3545_LOKSBERGEN"/>
			<city cdbid="3545_ZELEM"/>
			<city cdbid="3550_HEUSDEN"/>
			<city cdbid="3550_HEUSDEN-ZOLDER"/>
			<city cdbid="3550_ZOLDER"/>
			<city cdbid="3560_LINKHOUT"/>
			<city cdbid="3560_LUMMEN"/>
			<city cdbid="3560_MELDERT"/>
			<city cdbid="3580_BERINGEN"/>
			<city cdbid="3581_BEVERLO"/>
			<city cdbid="3582_KOERSEL"/>
			<city cdbid="3583_PAAL"/>
			<city cdbid="3590_DIEPENBEEK"/>
			<city cdbid="3600_GENK"/>
			<city cdbid="3660_OPGLABBEEK"/>
			<city cdbid="3665_AS"/>
			<city cdbid="3668_NIEL-BIJ-AS"/>
			<city cdbid="3690_ZUTENDAAL"/>
			<city cdbid="3850_BINDERVELD"/>
			<city cdbid="3850_KOZEN"/>
			<city cdbid="3850_NIEUWERKERKEN"/>
			<city cdbid="3850_WIJER"/>
			<city cdbid="3945_HAM"/>
			<city cdbid="3945_KWAADMECHELEN"/>
			<city cdbid="3945_OOSTHAM"/>
			<city cdbid="3970_LEOPOLDSBURG"/>
			<city cdbid="3971_HEPPEN"/>
			<city cdbid="3980_TESSENDERLO"/>
		</region>
		<region type="cdbregio" label="Maaseik - Lommel">
			<city cdbid="3640_KESSENICH"/>
			<city cdbid="3640_KINROOI"/>
			<city cdbid="3640_MOLENBEERSEL"/>
			<city cdbid="3640_OPHOVEN"/>
			<city cdbid="3650_DILSEN"/>
			<city cdbid="3650_ELEN"/>
			<city cdbid="3650_LANKLAAR"/>
			<city cdbid="3650_ROTEM"/>
			<city cdbid="3650_DILSEN-STOKKEM"/>
			<city cdbid="3670_ELLIKOM"/>
			<city cdbid="3670_GRUITRODE"/>
			<city cdbid="3670_MEEUWEN"/>
			<city cdbid="3670_MEEUWEN-GRUITRODE"/>
			<city cdbid="3670_NEERGLABBEEK"/>
			<city cdbid="3670_WIJSHAGEN"/>
			<city cdbid="3680_MAASEIK"/>
			<city cdbid="3680_NEEROETEREN"/>
			<city cdbid="3680_OPOETEREN"/>
			<city cdbid="3910_NEERPELT"/>
			<city cdbid="3910_SINT-HUIBRECHTS-LILLE"/>
			<city cdbid="3920_LOMMEL"/>
			<city cdbid="3930_ACHEL"/>
			<city cdbid="3930_HAMONT"/>
			<city cdbid="3930_HAMONT-ACHEL"/>
			<city cdbid="3940_HECHTEL-EKSEL"/>
			<city cdbid="3941_EKSEL"/>
			<city cdbid="3950_BOCHOLT"/>
			<city cdbid="3950_KAULILLE"/>
			<city cdbid="3950_REPPEL"/>
			<city cdbid="3960_BEEK"/>
			<city cdbid="3960_BREE"/>
			<city cdbid="3960_GERDINGEN"/>
			<city cdbid="3960_OPITTER"/>
			<city cdbid="3990_GROTE-BROGEL"/>
			<city cdbid="3990_KLEINE-BROGEL"/>
			<city cdbid="3990_PEER"/>
			<city cdbid="3990_WIJCHMAAL"/>
		</region>
		<region type="cdbregio" label="Tongeren - Sint-Truiden">
			<city cdbid="3570_ALKEN"/>
			<city cdbid="3620_GELLIK"/>
			<city cdbid="3620_LANAKEN"/>
			<city cdbid="3620_NEERHAREN"/>
			<city cdbid="3620_VELDWEZELT"/>
			<city cdbid="3621_REKEM"/>
			<city cdbid="3630_EISDEN"/>
			<city cdbid="3630_LEUT"/>
			<city cdbid="3630_MAASMECHELEN"/>
			<city cdbid="3630_MECHELEN-AAN-DE-MAAS"/>
			<city cdbid="3630_MEESWIJK"/>
			<city cdbid="3630_OPGRIMBIE"/>
			<city cdbid="3630_VUCHT"/>
			<city cdbid="3631_BOORSEM"/>
			<city cdbid="3631_UIKHOVEN"/>
			<city cdbid="3700_S_HERENELDEREN"/>
			<city cdbid="3700_BERG"/>
			<city cdbid="3700_DIETS-HEUR"/>
			<city cdbid="3700_HAREN"/>
			<city cdbid="3700_HENIS"/>
			<city cdbid="3700_KOLMONT"/>
			<city cdbid="3700_KONINKSEM"/>
			<city cdbid="3700_LAUW"/>
			<city cdbid="3700_MAL"/>
			<city cdbid="3700_NEERREPEN"/>
			<city cdbid="3700_NEREM"/>
			<city cdbid="3700_OVERREPEN"/>
			<city cdbid="3700_PIRINGEN"/>
			<city cdbid="3700_RIKSINGEN"/>
			<city cdbid="3700_RUTTEN"/>
			<city cdbid="3700_SLUIZEN"/>
			<city cdbid="3700_TONGEREN"/>
			<city cdbid="3700_VREREN"/>
			<city cdbid="3700_WIDOOIE"/>
			<city cdbid="3717_HERSTAPPE"/>
			<city cdbid="3720_KORTESSEM"/>
			<city cdbid="3721_VLIERMAALROOT"/>
			<city cdbid="3722_WINTERSHOVEN"/>
			<city cdbid="3723_GUIGOVEN"/>
			<city cdbid="3724_VLIERMAAL"/>
			<city cdbid="3730_HOESELT"/>
			<city cdbid="3730_ROMERSHOVEN"/>
			<city cdbid="3730_SINT-HUIBRECHTS-HERN"/>
			<city cdbid="3730_WERM"/>
			<city cdbid="3732_SCHALKHOVE"/>
			<city cdbid="3740_BEVERST"/>
			<city cdbid="3740_BILZEN"/>
			<city cdbid="3740_EIGENBILZEN"/>
			<city cdbid="3740_GROTE-SPOUWEN"/>
			<city cdbid="3740_HEES"/>
			<city cdbid="3740_KLEINE-SPOUWEN"/>
			<city cdbid="3740_MOPERTINGEN"/>
			<city cdbid="3740_MUNSTERBILZEN"/>
			<city cdbid="3740_RIJKHOVEN"/>
			<city cdbid="3740_ROSMEER"/>
			<city cdbid="3740_WALTWILDER"/>
			<city cdbid="3742_MARTENSLINDE"/>
			<city cdbid="3746_HOELBEEK"/>
			<city cdbid="3770_GENOELSELDEREN"/>
			<city cdbid="3770_HERDEREN"/>
			<city cdbid="3770_KANNE"/>
			<city cdbid="3770_MEMBRUGGEN"/>
			<city cdbid="3770_MILLEN"/>
			<city cdbid="3770_RIEMST"/>
			<city cdbid="3770_VAL-MEER"/>
			<city cdbid="3770_VLIJTINGEN"/>
			<city cdbid="3770_VROENHOVEN"/>
			<city cdbid="3770_ZICHEN-ZUSSEN-BOLDER"/>
			<city cdbid="3790_FOURON-SAINT-MARTIN"/>
			<city cdbid="3790_FOURONS"/>
			<city cdbid="3790_MOELINGEN"/>
			<city cdbid="3790_MOULAND"/>
			<city cdbid="3790_SINT-MARTENS-VOEREN"/>
			<city cdbid="3790_VOEREN"/>
			<city cdbid="3791_REMERSDAAL"/>
			<city cdbid="3792_FOURON-SAINT-PIERRE"/>
			<city cdbid="3792_SINT-PIETERS-VOEREN"/>
			<city cdbid="3793_TEUVEN"/>
			<city cdbid="3798_S_GRAVENVOEREN"/>
			<city cdbid="3798_FOURON-LE-COMTE"/>
			<city cdbid="3800_AALST"/>
			<city cdbid="3800_BRUSTEM"/>
			<city cdbid="3800_ENGELMANSHOVEN"/>
			<city cdbid="3800_GELINDEN"/>
			<city cdbid="3800_GROOT-GELMEN"/>
			<city cdbid="3800_HALMAAL"/>
			<city cdbid="3800_KERKOM-BIJ-SINT-TRUIDEN"/>
			<city cdbid="3800_ORDINGEN"/>
			<city cdbid="3800_SINT-TRUIDEN"/>
			<city cdbid="3800_ZEPPEREN"/>
			<city cdbid="3803_DURAS"/>
			<city cdbid="3803_GORSEM"/>
			<city cdbid="3803_RUNKELEN"/>
			<city cdbid="3803_WILDEREN"/>
			<city cdbid="3806_VELM"/>
			<city cdbid="3830_BERLINGEN"/>
			<city cdbid="3830_WELLEN"/>
			<city cdbid="3831_HERTEN"/>
			<city cdbid="3832_ULBEEK"/>
			<city cdbid="3840_BOMMERSHOVEN"/>
			<city cdbid="3840_BORGLOON"/>
			<city cdbid="3840_BROEKOM"/>
			<city cdbid="3840_GORS-OPLEEUW"/>
			<city cdbid="3840_GOTEM"/>
			<city cdbid="3840_GROOT-LOON"/>
			<city cdbid="3840_HAREN"/>
			<city cdbid="3840_HENDRIEKEN"/>
			<city cdbid="3840_HOEPERTINGEN"/>
			<city cdbid="3840_JESSEREN"/>
			<city cdbid="3840_KERNIEL"/>
			<city cdbid="3840_KOLMONT"/>
			<city cdbid="3840_KUTTEKOVEN"/>
			<city cdbid="3840_RIJKEL"/>
			<city cdbid="3840_VOORT"/>
			<city cdbid="3850_BINDERVELD"/>
			<city cdbid="3850_KOZEN"/>
			<city cdbid="3850_NIEUWERKERKEN"/>
			<city cdbid="3850_WIJER"/>
			<city cdbid="3870_BATSHEERS"/>
			<city cdbid="3870_BOVELINGEN"/>
			<city cdbid="3870_GUTSCHOVEN"/>
			<city cdbid="3870_HEERS"/>
			<city cdbid="3870_HEKS"/>
			<city cdbid="3870_HORPMAAL"/>
			<city cdbid="3870_KLEIN-GELMEN"/>
			<city cdbid="3870_MECHELEN-BOVELINGEN"/>
			<city cdbid="3870_METTEKOVEN"/>
			<city cdbid="3870_OPHEERS"/>
			<city cdbid="3870_RUKKELINGEN-LOON"/>
			<city cdbid="3870_VECHMAAL"/>
			<city cdbid="3870_VEULEN"/>
			<city cdbid="3890_BOEKHOUT"/>
			<city cdbid="3890_GINGELOM"/>
			<city cdbid="3890_JEUK"/>
			<city cdbid="3890_KORTIJS"/>
			<city cdbid="3890_MONTENAKEN"/>
			<city cdbid="3890_NIEL-BIJ-SINT-TRUIDEN"/>
			<city cdbid="3890_VORSEN"/>
			<city cdbid="3891_BORLO"/>
			<city cdbid="3891_BUVINGEN"/>
			<city cdbid="3891_MIELEN-BOVEN-AALST"/>
			<city cdbid="3891_MUIZEN"/>
		</region>
		<region type="cdbregio" label="Brugge">
			<city cdbid="8000_BRUGGE"/>
			<city cdbid="8000_KOOLKERKE"/>
			<city cdbid="8020_HERTSBERGE"/>
			<city cdbid="8020_OOSTKAMP"/>
			<city cdbid="8020_RUDDERVOORDE"/>
			<city cdbid="8020_WAARDAMME"/>
			<city cdbid="8200_BRUGGE_2"/>
			<city cdbid="8200_SINT-ANDRIES"/>
			<city cdbid="8200_SINT-MICHIELS"/>
			<city cdbid="8210_LOPPEM"/>
			<city cdbid="8210_VELDEGEM"/>
			<city cdbid="8210_ZEDELGEM"/>
			<city cdbid="8211_AARTRIJKE"/>
			<city cdbid="8300_KNOKKE"/>
			<city cdbid="8300_KNOKKE-HEIST"/>
			<city cdbid="8300_WESTKAPELLE"/>
			<city cdbid="8301_HEIST-AAN-ZEE"/>
			<city cdbid="8301_RAMSKAPELLE"/>
			<city cdbid="8310_ASSEBROEK"/>
			<city cdbid="8310_SINT-KRUIS"/>
			<city cdbid="8340_DAMME"/>
			<city cdbid="8340_HOEKE"/>
			<city cdbid="8340_LAPSCHEURE"/>
			<city cdbid="8340_MOERKERKE"/>
			<city cdbid="8340_OOSTKERKE"/>
			<city cdbid="8340_SIJSELE"/>
			<city cdbid="8370_BLANKENBERGE"/>
			<city cdbid="8370_UITKERKE"/>
			<city cdbid="8377_HOUTAVE"/>
			<city cdbid="8377_MEETKERKE"/>
			<city cdbid="8377_NIEUWMUNSTER"/>
			<city cdbid="8377_ZUIENKERKE"/>
			<city cdbid="8380_DUDZELE"/>
			<city cdbid="8380_LISSEWEGE"/>
			<city cdbid="8380_ZEEBRUGGE"/>
			<city cdbid="8480_BEKEGEM"/>
			<city cdbid="8480_EERNEGEM"/>
			<city cdbid="8480_ICHTEGEM"/>
			<city cdbid="8490_JABBEKE"/>
			<city cdbid="8490_SNELLEGEM"/>
			<city cdbid="8490_STALHILLE"/>
			<city cdbid="8490_VARSENARE"/>
			<city cdbid="8490_ZERKEGEM"/>
			<city cdbid="8730_BEERNEM"/>
			<city cdbid="8730_OEDELEM"/>
			<city cdbid="8730_SINT-JORIS"/>
			<city cdbid="8820_TORHOUT"/>
		</region>
		<region type="cdbregio" label="Oostende">
			<city cdbid="8400_OOSTENDE"/>
			<city cdbid="8400_STENE"/>
			<city cdbid="8400_ZANDVOORDE"/>
			<city cdbid="8420_DE_HAAN"/>
			<city cdbid="8420_KLEMSKERKE"/>
			<city cdbid="8420_WENDUINE"/>
			<city cdbid="8421_VLISSEGEM"/>
			<city cdbid="8430_MIDDELKERKE"/>
			<city cdbid="8431_WILSKERKE"/>
			<city cdbid="8432_LEFFINGE"/>
			<city cdbid="8433_MANNEKENSVERE"/>
			<city cdbid="8433_SCHORE"/>
			<city cdbid="8433_SLIJPE"/>
			<city cdbid="8433_ST-PIETERS-KAPELLE"/>
			<city cdbid="8434_LOMBARDSIJDE"/>
			<city cdbid="8434_WESTENDE"/>
			<city cdbid="8450_BREDENE"/>
			<city cdbid="8460_ETTELGEM"/>
			<city cdbid="8460_OUDENBURG"/>
			<city cdbid="8460_ROKSEM"/>
			<city cdbid="8460_WESTKERKE"/>
			<city cdbid="8470_GISTEL"/>
			<city cdbid="8470_MOERE"/>
			<city cdbid="8470_SNAASKERKE"/>
			<city cdbid="8470_ZEVEKOTE"/>
		</region>
		<region type="cdbregio" label="Kortrijk">
			<city cdbid="8500_KORTRIJK"/>
			<city cdbid="8501_BISSEGEM"/>
			<city cdbid="8501_HEULE"/>
			<city cdbid="8510_BELLEGEM"/>
			<city cdbid="8510_KOOIGEM"/>
			<city cdbid="8510_MARKE"/>
			<city cdbid="8510_ROLLEGEM"/>
			<city cdbid="8511_AALBEKE"/>
			<city cdbid="8520_KUURNE"/>
			<city cdbid="8530_HARELBEKE"/>
			<city cdbid="8531_BAVIKHOVE"/>
			<city cdbid="8531_HULSTE"/>
			<city cdbid="8540_DEERLIJK"/>
			<city cdbid="8550_ZWEVEGEM"/>
			<city cdbid="8551_HEESTERT"/>
			<city cdbid="8552_MOEN"/>
			<city cdbid="8553_OTEGEM"/>
			<city cdbid="8554_SINT-DENIJS"/>
			<city cdbid="8560_GULLEGEM"/>
			<city cdbid="8560_MOORSELE"/>
			<city cdbid="8560_WEVELGEM"/>
			<city cdbid="8570_ANZEGEM"/>
			<city cdbid="8570_GIJZELBRECHTEGEM"/>
			<city cdbid="8570_INGOOIGEM"/>
			<city cdbid="8570_VICHTE"/>
			<city cdbid="8572_KASTER"/>
			<city cdbid="8573_TIEGEM"/>
			<city cdbid="8580_AVELGEM"/>
			<city cdbid="8581_KERKHOVE"/>
			<city cdbid="8581_WAARMAARDE"/>
			<city cdbid="8582_OUTRIJVE"/>
			<city cdbid="8583_BOSSUIT"/>
			<city cdbid="8587_ESPIERRES"/>
			<city cdbid="8587_ESPIERRES-HELCHIN"/>
			<city cdbid="8587_HELCHIN"/>
			<city cdbid="8587_HELKIJN"/>
			<city cdbid="8587_SPIERE"/>
			<city cdbid="8587_SPIERE-HELKIJN"/>
			<city cdbid="8790_WAREGEM"/>
			<city cdbid="8791_BEVEREN"/>
			<city cdbid="8792_DESSELGEM"/>
			<city cdbid="8793_SINT-ELOOIS-VIJVE"/>
			<city cdbid="8860_LENDELEDE"/>
			<city cdbid="8930_LAUWE"/>
			<city cdbid="8930_MENEN"/>
			<city cdbid="8930_REKKEM"/>
		</region>
		<region type="cdbregio" label="Diksmuide">
			<city cdbid="8600_BEERST"/>
			<city cdbid="8600_DIKSMUIDE"/>
			<city cdbid="8600_DRIEKAPELLEN"/>
			<city cdbid="8600_ESEN"/>
			<city cdbid="8600_KAASKERKE"/>
			<city cdbid="8600_KEIEM"/>
			<city cdbid="8600_LAMPERNISSE"/>
			<city cdbid="8600_LEKE"/>
			<city cdbid="8600_NIEUWKAPELLE"/>
			<city cdbid="8600_OOSTKERKE"/>
			<city cdbid="8600_OUDEKAPELLE"/>
			<city cdbid="8600_PERVIJZE"/>
			<city cdbid="8600_SINT-JACOBS-KAPELLE"/>
			<city cdbid="8600_STUIVEKENSKERKE"/>
			<city cdbid="8600_VLADSLO"/>
			<city cdbid="8600_WOUMEN"/>
			<city cdbid="8610_HANDZAME"/>
			<city cdbid="8610_KORTEMARK"/>
			<city cdbid="8610_WERKEN"/>
			<city cdbid="8610_ZARREN"/>
			<city cdbid="8647_LO"/>
			<city cdbid="8647_LO-RENINGE"/>
			<city cdbid="8647_NOORDSCHOTE"/>
			<city cdbid="8647_POLLINKHOVE"/>
			<city cdbid="8647_RENINGE"/>
			<city cdbid="8650_HOUTHULST"/>
			<city cdbid="8650_KLERKEN"/>
			<city cdbid="8650_MERKEM"/>
			<city cdbid="8680_BOVEKERKE"/>
			<city cdbid="8680_KOEKELARE"/>
			<city cdbid="8680_ZANDE"/>
		</region>
		<region type="cdbregio" label="Veurne">
			<city cdbid="8620_NIEUWPOORT"/>
			<city cdbid="8620_RAMSKAPELLE"/>
			<city cdbid="8620_SINT-JORIS"/>
			<city cdbid="8630_AVEKAPELLE"/>
			<city cdbid="8630_BOOITSHOEKE"/>
			<city cdbid="8630_BULSKAMP"/>
			<city cdbid="8630_DE_MOEREN"/>
			<city cdbid="8630_EGGEWAARTSKAPELLE"/>
			<city cdbid="8630_HOUTEM"/>
			<city cdbid="8630_STEENKERKE"/>
			<city cdbid="8630_VEURNE"/>
			<city cdbid="8630_VINKEM"/>
			<city cdbid="8630_WULVERINGEM"/>
			<city cdbid="8630_ZOUTENAAIE"/>
			<city cdbid="8660_ADINKERKE"/>
			<city cdbid="8660_DE_PANNE"/>
			<city cdbid="8670_KOKSIJDE"/>
			<city cdbid="8670_OOSTDUINKERKE"/>
			<city cdbid="8670_WULPEN"/>
			<city cdbid="8690_ALVERINGEM"/>
			<city cdbid="8690_HOOGSTADE"/>
			<city cdbid="8690_OEREN"/>
			<city cdbid="8690_SINT-RIJKERS"/>
			<city cdbid="8691_BEVEREN-AAN-DEN-IJZER"/>
			<city cdbid="8691_GIJVERINKHOVE"/>
			<city cdbid="8691_IZENBERGE"/>
			<city cdbid="8691_LEISELE"/>
			<city cdbid="8691_STAVELE"/>
		</region>
		<region type="cdbregio" label="Ieper">
			<city cdbid="8640_OOSTVLETEREN"/>
			<city cdbid="8640_VLETEREN"/>
			<city cdbid="8640_WESTVLETEREN"/>
			<city cdbid="8640_WOESTEN"/>
			<city cdbid="8900_BRIELEN"/>
			<city cdbid="8900_DIKKEBUS"/>
			<city cdbid="8900_IEPER"/>
			<city cdbid="8900_SINT-JAN"/>
			<city cdbid="8902_HOLLEBEKE"/>
			<city cdbid="8902_VOORMEZELE"/>
			<city cdbid="8902_ZILLEBEKE"/>
			<city cdbid="8904_BOEZINGE"/>
			<city cdbid="8904_ZUIDSCHOTE"/>
			<city cdbid="8906_ELVERDINGE"/>
			<city cdbid="8908_VLAMERTINGE"/>
			<city cdbid="8920_BIKSCHOTE"/>
			<city cdbid="8920_LANGEMARK"/>
			<city cdbid="8920_LANGEMARK-POELKAPELLE"/>
			<city cdbid="8920_POELKAPELLE"/>
			<city cdbid="8940_GELUWE"/>
			<city cdbid="8940_WERVIK"/>
			<city cdbid="8950_HEUVELLAND"/>
			<city cdbid="8950_NIEUWKERKE"/>
			<city cdbid="8951_DRANOUTER"/>
			<city cdbid="8952_WULVERGEM"/>
			<city cdbid="8953_WIJTSCHATE"/>
			<city cdbid="8954_WESTOUTER"/>
			<city cdbid="8956_KEMMEL"/>
			<city cdbid="8957_MESEN"/>
			<city cdbid="8957_MESSINES"/>
			<city cdbid="8958_LOKER"/>
			<city cdbid="8970_POPERINGE"/>
			<city cdbid="8970_RENINGELST"/>
			<city cdbid="8972_KROMBEKE"/>
			<city cdbid="8972_PROVEN"/>
			<city cdbid="8972_ROESBRUGGE-HARINGE"/>
			<city cdbid="8978_WATOU"/>
			<city cdbid="8980_BESELARE"/>
			<city cdbid="8980_GELUVELD"/>
			<city cdbid="8980_PASSENDALE"/>
			<city cdbid="8980_ZANDVOORDE"/>
			<city cdbid="8980_ZONNEBEKE"/>
		</region>
		<region type="cdbregio" label="Tielt">
			<city cdbid="8700_AARSELE"/>
			<city cdbid="8700_KANEGEM"/>
			<city cdbid="8700_SCHUIFERSKAPELLE"/>
			<city cdbid="8700_TIELT"/>
			<city cdbid="8710_OOIGEM"/>
			<city cdbid="8710_SINT-BAAFS-VIJVE"/>
			<city cdbid="8710_WIELSBEKE"/>
			<city cdbid="8720_DENTERGEM"/>
			<city cdbid="8720_MARKEGEM"/>
			<city cdbid="8720_OESELGEM"/>
			<city cdbid="8720_WAKKEN"/>
			<city cdbid="8740_EGEM"/>
			<city cdbid="8740_PITTEM"/>
			<city cdbid="8750_WINGENE"/>
			<city cdbid="8750_ZWEVEZELE"/>
			<city cdbid="8755_RUISELEDE"/>
			<city cdbid="8760_MEULEBEKE"/>
			<city cdbid="8780_OOSTROZEBEKE"/>
			<city cdbid="8850_ARDOOIE"/>
			<city cdbid="8851_KOOLSKAMP"/>
		</region>
		<region type="cdbregio" label="Roeselare">
			<city cdbid="8770_INGELMUNSTER"/>
			<city cdbid="8800_BEVEREN"/>
			<city cdbid="8800_OEKENE"/>
			<city cdbid="8800_ROESELARE"/>
			<city cdbid="8800_RUMBEKE"/>
			<city cdbid="8810_LICHTERVELDE"/>
			<city cdbid="8830_GITS"/>
			<city cdbid="8830_HOOGLEDE"/>
			<city cdbid="8840_OOSTNIEUWKERKE"/>
			<city cdbid="8840_STADEN"/>
			<city cdbid="8840_WESTROZEBEKE"/>
			<city cdbid="8870_EMELGEM"/>
			<city cdbid="8870_IZEGEM"/>
			<city cdbid="8870_KACHTEM"/>
			<city cdbid="8880_LEDEGEM"/>
			<city cdbid="8880_ROLLEGEM-KAPELLE"/>
			<city cdbid="8880_SINT-ELOOIS-WINKEL"/>
			<city cdbid="8890_DADIZELE"/>
			<city cdbid="8890_MOORSLEDE"/>
		</region>
		<region type="cdbregio" label="Gent">
			<city cdbid="9000_GENT"/>
			<city cdbid="9030_MARIAKERKE"/>
			<city cdbid="9031_DRONGEN"/>
			<city cdbid="9032_WONDELGEM"/>
			<city cdbid="9040_SINT-AMANDSBERG"/>
			<city cdbid="9041_OOSTAKKER"/>
			<city cdbid="9042_MENDONK"/>
			<city cdbid="9042_SINT-KRUIS-WINKEL"/>
			<city cdbid="9050_GENTBRUGGE"/>
			<city cdbid="9050_LEDEBERG"/>
			<city cdbid="9051_AFSNEE"/>
			<city cdbid="9051_SINT-DENIJS-WESTREM"/>
			<city cdbid="9052_ZWIJNAARDE"/>
			<city cdbid="9060_ZELZATE"/>
			<city cdbid="9070_DESTELBERGEN"/>
			<city cdbid="9070_HEUSDEN"/>
			<city cdbid="9080_BEERVELDE"/>
			<city cdbid="9080_LOCHRISTI"/>
			<city cdbid="9080_ZAFFELARE"/>
			<city cdbid="9080_ZEVENEKEN"/>
			<city cdbid="9090_GONTRODE"/>
			<city cdbid="9090_MELLE"/>
			<city cdbid="9180_MOERBEKE-WAAS"/>
			<city cdbid="9185_WACHTEBEKE"/>
			<city cdbid="9800_ASTENE"/>
			<city cdbid="9800_BACHTE-MARIA-LEERNE"/>
			<city cdbid="9800_DEINZE"/>
			<city cdbid="9800_GOTTEM"/>
			<city cdbid="9800_GRAMMENE"/>
			<city cdbid="9800_MEIGEM"/>
			<city cdbid="9800_PETEGEM-AAN-DE-LEIE"/>
			<city cdbid="9800_SINT-MARTENS-LEERNE"/>
			<city cdbid="9800_VINKT"/>
			<city cdbid="9800_WONTERGEM"/>
			<city cdbid="9800_ZEVEREN"/>
			<city cdbid="9810_EKE"/>
			<city cdbid="9810_NAZARETH"/>
			<city cdbid="9820_BOTTELARE"/>
			<city cdbid="9820_LEMBERGE"/>
			<city cdbid="9820_MELSEN"/>
			<city cdbid="9820_MERELBEKE"/>
			<city cdbid="9820_MUNTE"/>
			<city cdbid="9820_SCHELDERODE"/>
			<city cdbid="9830_SINT-MARTENS-LATEM"/>
			<city cdbid="9831_DEURLE"/>
			<city cdbid="9840_DE_PINTE"/>
			<city cdbid="9840_ZEVERGEM"/>
			<city cdbid="9850_HANSBEKE"/>
			<city cdbid="9850_LANDEGEM"/>
			<city cdbid="9850_MERENDREE"/>
			<city cdbid="9850_NEVELE"/>
			<city cdbid="9850_POESELE"/>
			<city cdbid="9850_VOSSELARE"/>
			<city cdbid="9860_BALEGEM"/>
			<city cdbid="9860_GIJZENZELE"/>
			<city cdbid="9860_LANDSKOUTER"/>
			<city cdbid="9860_MOORTSELE"/>
			<city cdbid="9860_OOSTERZELE"/>
			<city cdbid="9860_SCHELDEWINDEKE"/>
			<city cdbid="9870_MACHELEN"/>
			<city cdbid="9870_OLSENE"/>
			<city cdbid="9870_ZULTE"/>
			<city cdbid="9880_AALTER"/>
			<city cdbid="9880_LOTENHULLE"/>
			<city cdbid="9880_POEKE"/>
			<city cdbid="9881_BELLEM"/>
			<city cdbid="9890_ASPER"/>
			<city cdbid="9890_BAAIGEM"/>
			<city cdbid="9890_DIKKELVENNE"/>
			<city cdbid="9890_GAVERE"/>
			<city cdbid="9890_SEMMERZAKE"/>
			<city cdbid="9890_VURSTE"/>
			<city cdbid="9910_KNESSELARE"/>
			<city cdbid="9910_URSEL"/>
			<city cdbid="9920_LOVENDEGEM"/>
			<city cdbid="9921_VINDERHOUTE"/>
			<city cdbid="9930_ZOMERGEM"/>
			<city cdbid="9931_OOSTWINKEL"/>
			<city cdbid="9932_RONSELE"/>
			<city cdbid="9940_ERTVELDE"/>
			<city cdbid="9940_EVERGEM"/>
			<city cdbid="9940_KLUIZEN"/>
			<city cdbid="9940_SLEIDINGE"/>
			<city cdbid="9950_WAARSCHOOT"/>
		</region>
		<region type="cdbregio" label="Eeklo">
			<city cdbid="9900_EEKLO"/>
			<city cdbid="9960_ASSENEDE"/>
			<city cdbid="9961_BOEKHOUTE"/>
			<city cdbid="9968_BASSEVELDE"/>
			<city cdbid="9968_OOSTEEKLO"/>
			<city cdbid="9970_KAPRIJKE"/>
			<city cdbid="9971_LEMBEKE"/>
			<city cdbid="9980_SINT-LAUREINS"/>
			<city cdbid="9981_SINT-MARGRIETE"/>
			<city cdbid="9982_SINT-JAN-IN-EREMO"/>
			<city cdbid="9988_WATERLAND-OUDEMAN"/>
			<city cdbid="9988_WATERVLIET"/>
			<city cdbid="9990_MALDEGEM"/>
			<city cdbid="9991_ADEGEM"/>
			<city cdbid="9992_MIDDELBURG"/>
		</region>
		<region type="cdbregio" label="Sint-Niklaas - Lokeren">
			<city cdbid="9100_NIEUWKERKEN-WAAS"/>
			<city cdbid="9100_SINT-NIKLAAS"/>
			<city cdbid="9111_BELSELE"/>
			<city cdbid="9112_SINAAI-WAAS"/>
			<city cdbid="9120_BEVEREN"/>
			<city cdbid="9120_HAASDONK"/>
			<city cdbid="9120_KALLO"/>
			<city cdbid="9120_MELSELE"/>
			<city cdbid="9120_VRASENE"/>
			<city cdbid="9130_DOEL"/>
			<city cdbid="9130_KALLO"/>
			<city cdbid="9130_KIELDRECHT"/>
			<city cdbid="9130_VERREBROEK"/>
			<city cdbid="9140_ELVERSELE"/>
			<city cdbid="9140_STEENDORP"/>
			<city cdbid="9140_TEMSE"/>
			<city cdbid="9140_TIELRODE"/>
			<city cdbid="9150_BAZEL"/>
			<city cdbid="9150_KRUIBEKE"/>
			<city cdbid="9150_RUPELMONDE"/>
			<city cdbid="9160_DAKNAM"/>
			<city cdbid="9160_EKSAARDE"/>
			<city cdbid="9160_LOKEREN"/>
			<city cdbid="9170_DE_KLINGE"/>
			<city cdbid="9170_MEERDONK"/>
			<city cdbid="9170_SINT-GILLIS-WAAS"/>
			<city cdbid="9170_SINT-PAUWELS"/>
			<city cdbid="9190_KEMZEKE"/>
			<city cdbid="9190_STEKENE"/>
		</region>
		<region type="cdbregio" label="Dendermonde">
			<city cdbid="9200_APPELS"/>
			<city cdbid="9200_BAASRODE"/>
			<city cdbid="9200_DENDERMONDE"/>
			<city cdbid="9200_GREMBERGEN"/>
			<city cdbid="9200_MESPELARE"/>
			<city cdbid="9200_OUDEGEM"/>
			<city cdbid="9200_SCHOONAARDE"/>
			<city cdbid="9200_ST-GILLIS-BIJ-DENDERMONDE"/>
			<city cdbid="9220_HAMME"/>
			<city cdbid="9220_MOERZEKE"/>
			<city cdbid="9230_MASSEMEN"/>
			<city cdbid="9230_WESTREM"/>
			<city cdbid="9230_WETTEREN"/>
			<city cdbid="9240_ZELE"/>
			<city cdbid="9250_WAASMUNSTER"/>
			<city cdbid="9255_BUGGENHOUT"/>
			<city cdbid="9255_OPDORP"/>
			<city cdbid="9260_SCHELLEBELLE"/>
			<city cdbid="9260_SERSKAMP"/>
			<city cdbid="9260_WICHELEN"/>
			<city cdbid="9270_KALKEN"/>
			<city cdbid="9270_LAARNE"/>
			<city cdbid="9280_DENDERBELLE"/>
			<city cdbid="9280_LEBBEKE"/>
			<city cdbid="9280_WIEZE"/>
			<city cdbid="9290_BERLARE"/>
			<city cdbid="9290_OVERMERE"/>
			<city cdbid="9290_UITBERGEN"/>
		</region>
		<region type="cdbregio" label="Aalst">
			<city cdbid="9300_AALST"/>
			<city cdbid="9308_GIJZEGEM"/>
			<city cdbid="9308_HOFSTADE"/>
			<city cdbid="9310_BAARDEGEM"/>
			<city cdbid="9310_HERDERSEM"/>
			<city cdbid="9310_MELDERT"/>
			<city cdbid="9310_MOORSEL"/>
			<city cdbid="9320_EREMBODEGEM"/>
			<city cdbid="9320_NIEUWERKERKEN"/>
			<city cdbid="9340_IMPE"/>
			<city cdbid="9340_LEDE"/>
			<city cdbid="9340_OORDEGEM"/>
			<city cdbid="9340_SMETLEDE"/>
			<city cdbid="9340_WANZELE"/>
			<city cdbid="9400_APPELTERRE-EICHEM"/>
			<city cdbid="9400_DENDERWINDEKE"/>
			<city cdbid="9400_LIEFERINGE"/>
			<city cdbid="9400_NEDERHASSELT"/>
			<city cdbid="9400_NINOVE"/>
			<city cdbid="9400_OKEGEM"/>
			<city cdbid="9400_VOORDE"/>
			<city cdbid="9401_POLLARE"/>
			<city cdbid="9402_MEERBEKE"/>
			<city cdbid="9403_NEIGEM"/>
			<city cdbid="9404_ASPELARE"/>
			<city cdbid="9406_OUTER"/>
			<city cdbid="9420_AAIGEM"/>
			<city cdbid="9420_BAMBRUGGE"/>
			<city cdbid="9420_BURST"/>
			<city cdbid="9420_ERONDEGEM"/>
			<city cdbid="9420_ERPE"/>
			<city cdbid="9420_ERPE-MERE"/>
			<city cdbid="9420_MERE"/>
			<city cdbid="9420_OTTERGEM"/>
			<city cdbid="9420_VLEKKEM"/>
			<city cdbid="9450_DENDERHOUTEM"/>
			<city cdbid="9450_HAALTERT"/>
			<city cdbid="9450_HELDERGEM"/>
			<city cdbid="9451_KERKSKEN"/>
			<city cdbid="9470_DENDERLEEUW"/>
			<city cdbid="9472_IDDERGEM"/>
			<city cdbid="9473_WELLE"/>
			<city cdbid="9500_GERAARDSBERGEN"/>
			<city cdbid="9500_GOEFERDINGE"/>
			<city cdbid="9500_MOERBEKE"/>
			<city cdbid="9500_NEDERBOELARE"/>
			<city cdbid="9500_ONKERZELE"/>
			<city cdbid="9500_OPHASSELT"/>
			<city cdbid="9500_OVERBOELARE"/>
			<city cdbid="9500_VIANE"/>
			<city cdbid="9500_ZARLARDINGE"/>
			<city cdbid="9506_GRIMMINGE"/>
			<city cdbid="9506_IDEGEM"/>
			<city cdbid="9506_NIEUWENHOVE"/>
			<city cdbid="9506_SCHENDELBEKE"/>
			<city cdbid="9506_SMEEREBBE-VLOERZEGEM"/>
			<city cdbid="9506_WAARBEKE"/>
			<city cdbid="9506_ZANDBERGEN"/>
			<city cdbid="9520_BAVEGEM"/>
			<city cdbid="9520_SINT-LIEVENS-HOUTEM"/>
			<city cdbid="9520_VLIERZELE"/>
			<city cdbid="9520_ZONNEGEM"/>
			<city cdbid="9521_LETTERHOUTEM"/>
			<city cdbid="9550_HERZELE"/>
			<city cdbid="9550_HILLEGEM"/>
			<city cdbid="9550_SINT-ANTELINKS"/>
			<city cdbid="9550_SINT-LIEVENS-ESSE"/>
			<city cdbid="9550_STEENHUIZE-WIJNHUIZE"/>
			<city cdbid="9550_WOUBRECHTEGEM"/>
			<city cdbid="9551_RESSEGEM"/>
			<city cdbid="9552_BORSBEKE"/>
			<city cdbid="9620_ELENE"/>
			<city cdbid="9620_ERWETEGEM"/>
			<city cdbid="9620_GODVEERDEGEM"/>
			<city cdbid="9620_GROTENBERGE"/>
			<city cdbid="9620_LEEUWERGEM"/>
			<city cdbid="9620_OOMBERGEN"/>
			<city cdbid="9620_SINT-GORIKS-OUDENHOVE"/>
			<city cdbid="9620_ST-MARIA-OUDENHOVE"/>
			<city cdbid="9620_STRIJPEN"/>
			<city cdbid="9620_VELZEKE-RUDDERSHOVE"/>
			<city cdbid="9620_ZOTTEGEM"/>
		</region>
		<region type="cdbregio" label="Oudenaarde">
			<city cdbid="9570_DEFTINGE"/>
			<city cdbid="9570_LIERDE"/>
			<city cdbid="9570_SINT-MARIA-LIERDE"/>
			<city cdbid="9571_HEMELVEERDEGEM"/>
			<city cdbid="9572_SINT-MARTENS-LIERDE"/>
			<city cdbid="9600_RENAIX"/>
			<city cdbid="9600_RONSE"/>
			<city cdbid="9630_BEERLEGEM"/>
			<city cdbid="9630_DIKKELE"/>
			<city cdbid="9630_HUNDELGEM"/>
			<city cdbid="9630_MEILEGEM"/>
			<city cdbid="9630_MUNKZWALM"/>
			<city cdbid="9630_PAULATEM"/>
			<city cdbid="9630_ROBORST"/>
			<city cdbid="9630_ROZEBEKE"/>
			<city cdbid="9630_SINT-BLASIUS-BOEKEL"/>
			<city cdbid="9630_SINT-DENIJS-BOEKEL"/>
			<city cdbid="9630_SINT-MARIA-LATEM"/>
			<city cdbid="9630_ZWALM"/>
			<city cdbid="9636_NEDERZWALM-HERMELGEM"/>
			<city cdbid="9660_BRAKEL"/>
			<city cdbid="9660_ELST"/>
			<city cdbid="9660_EVERBEEK"/>
			<city cdbid="9660_MICHELBEKE"/>
			<city cdbid="9660_NEDERBRAKEL"/>
			<city cdbid="9660_OPBRAKEL"/>
			<city cdbid="9660_ST-MARIA-OUDENHOVE"/>
			<city cdbid="9660_ZEGELSEM"/>
			<city cdbid="9661_PARIKE"/>
			<city cdbid="9667_HOREBEKE"/>
			<city cdbid="9667_SINT-KORNELIS-HOREBEKE"/>
			<city cdbid="9667_SINT-MARIA-HOREBEKE"/>
			<city cdbid="9680_ETIKHOVE"/>
			<city cdbid="9680_MAARKE-KERKEM"/>
			<city cdbid="9680_MAARKEDAL"/>
			<city cdbid="9681_NUKERKE"/>
			<city cdbid="9688_SCHORISSE"/>
			<city cdbid="9690_BERCHEM"/>
			<city cdbid="9690_KLUISBERGEN"/>
			<city cdbid="9690_KWAREMONT"/>
			<city cdbid="9690_RUIEN"/>
			<city cdbid="9690_ZULZEKE"/>
			<city cdbid="9700_BEVERE"/>
			<city cdbid="9700_EDELARE"/>
			<city cdbid="9700_EINE"/>
			<city cdbid="9700_ENAME"/>
			<city cdbid="9700_HEURNE"/>
			<city cdbid="9700_LEUPEGEM"/>
			<city cdbid="9700_MATER"/>
			<city cdbid="9700_MELDEN"/>
			<city cdbid="9700_MULLEM"/>
			<city cdbid="9700_NEDERENAME"/>
			<city cdbid="9700_OOIKE"/>
			<city cdbid="9700_OUDENAARDE"/>
			<city cdbid="9700_VOLKEGEM"/>
			<city cdbid="9700_WELDEN"/>
			<city cdbid="9750_HUISE"/>
			<city cdbid="9750_OUWEGEM"/>
			<city cdbid="9750_ZINGEM"/>
			<city cdbid="9770_KRUISHOUTEM"/>
			<city cdbid="9771_NOKERE"/>
			<city cdbid="9772_WANNEGEM-LEDE"/>
			<city cdbid="9790_ELSEGEM"/>
			<city cdbid="9790_MOREGEM"/>
			<city cdbid="9790_OOIKE"/>
			<city cdbid="9790_PETEGEM-AAN-DE-SCHELDE"/>
			<city cdbid="9790_WORTEGEM"/>
			<city cdbid="9790_WORTEGEM-PETEGEM"/>
		</region>
		<region type="cdbregio" label="De Kust">
			<city cdbid="8300_KNOKKE"/>
			<city cdbid="8300_KNOKKE-HEIST"/>
			<city cdbid="8300_WESTKAPELLE"/>
			<city cdbid="8301_HEIST-AAN-ZEE"/>
			<city cdbid="8301_RAMSKAPELLE"/>
			<city cdbid="8370_BLANKENBERGE"/>
			<city cdbid="8370_UITKERKE"/>
			<city cdbid="8380_ZEEBRUGGE"/>
			<city cdbid="8400_OOSTENDE"/>
			<city cdbid="8400_STENE"/>
			<city cdbid="8400_ZANDVOORDE"/>
			<city cdbid="8420_DE_HAAN"/>
			<city cdbid="8420_KLEMSKERKE"/>
			<city cdbid="8420_WENDUINE"/>
			<city cdbid="8421_VLISSEGEM"/>
			<city cdbid="8430_MIDDELKERKE"/>
			<city cdbid="8431_WILSKERKE"/>
			<city cdbid="8432_LEFFINGE"/>
			<city cdbid="8433_MANNEKENSVERE"/>
			<city cdbid="8433_SCHORE"/>
			<city cdbid="8433_SLIJPE"/>
			<city cdbid="8433_ST-PIETERS-KAPELLE"/>
			<city cdbid="8434_LOMBARDSIJDE"/>
			<city cdbid="8434_WESTENDE"/>
			<city cdbid="8450_BREDENE"/>
			<city cdbid="8620_NIEUWPOORT"/>
			<city cdbid="8620_RAMSKAPELLE"/>
			<city cdbid="8620_SINT-JORIS"/>
			<city cdbid="8660_ADINKERKE"/>
			<city cdbid="8660_DE_PANNE"/>
			<city cdbid="8670_KOKSIJDE"/>
			<city cdbid="8670_OOSTDUINKERKE"/>
			<city cdbid="8670_WULPEN"/>
		</region>
	</regions>
</cdbxml>
